job_id,job_title,skills
1,Job Title 1,"azure, css, react, cloud computing, tensorflow"
2,Job Title 2,"aws, python, azure, c++, java"
3,Job Title 3,"python, react, tensorflow, sql, java"
4,Job Title 4,"data analysis, react, javascript, c++"
5,Job Title 5,"javascript, html, linux, tensorflow"
6,Job Title 6,"python, javascript, c++, kubernetes, azure"
7,Job Title 7,"fastapi, react, aws, git, docker"
8,Job Title 8,"linux, css, aws, fastapi, java"
9,Job Title 9,"html, kubernetes, docker, tensorflow, css, sql, javascript, cloud computing"
10,Job Title 10,"pytorch, cloud computing, css, tensorflow, machine learning, html, sql"
11,Job Title 11,"pytorch, java, aws, fastapi"
12,Job Title 12,"git, html, kubernetes, docker, pytorch, cloud computing, tensorflow"
13,Job Title 13,"aws, machine learning, pytorch, docker, html, java, azure"
14,Job Title 14,"aws, tensorflow, kubernetes, azure, html"
15,Job Title 15,"c++, data analysis, linux, pytorch"
16,Job Title 16,"azure, fastapi, git"
17,Job Title 17,"docker, machine learning, aws, linux"
18,Job Title 18,"html, linux, kubernetes, cloud computing, git, tensorflow"
19,Job Title 19,"pytorch, azure, html"
20,Job Title 20,"data analysis, kubernetes, javascript, pytorch"
21,Job Title 21,"machine learning, python, cloud computing, javascript, pytorch"
22,Job Title 22,"git, data analysis, aws"
23,Job Title 23,"css, git, tensorflow, python, data analysis, javascript, kubernetes, cloud computing"
24,Job Title 24,"c++, git, fastapi, aws, java, react, docker, azure"
25,Job Title 25,"machine learning, sql, java, c++, python, javascript"
26,Job Title 26,"docker, git, machine learning"
27,Job Title 27,"aws, c++, fastapi"
28,Job Title 28,"git, css, java"
29,Job Title 29,"html, c++, css, cloud computing, git, sql, javascript, java"
30,Job Title 30,"javascript, data analysis, azure, machine learning, aws, linux, fastapi"
31,Job Title 31,"azure, c++, linux, css, fastapi, machine learning"
32,Job Title 32,"git, data analysis, azure, aws, react, css, tensorflow"
33,Job Title 33,"c++, machine learning, fastapi, javascript, css"
34,Job Title 34,"data analysis, c++, react, cloud computing, html, sql"
35,Job Title 35,"azure, css, javascript, git, c++, data analysis, python, aws"
36,Job Title 36,"fastapi, data analysis, tensorflow, html, javascript, react"
37,Job Title 37,"kubernetes, pytorch, sql, git, c++"
38,Job Title 38,"javascript, cloud computing, pytorch, linux, aws, azure, html, react"
39,Job Title 39,"css, azure, javascript, python, java, cloud computing, fastapi, kubernetes"
40,Job Title 40,"git, javascript, machine learning, sql, tensorflow"
41,Job Title 41,"pytorch, react, java, machine learning, azure, data analysis, css, c++"
42,Job Title 42,"linux, aws, fastapi, tensorflow, react, javascript, c++"
43,Job Title 43,"sql, javascript, tensorflow, css, python"
44,Job Title 44,"data analysis, kubernetes, linux, c++, java, html"
45,Job Title 45,"docker, c++, fastapi, git, azure, tensorflow, cloud computing"
46,Job Title 46,"fastapi, aws, linux, machine learning, react, css, pytorch"
47,Job Title 47,"aws, docker, git"
48,Job Title 48,"linux, css, c++, docker, javascript, azure, kubernetes, html"
49,Job Title 49,"react, tensorflow, html, css, azure, docker, sql, pytorch"
50,Job Title 50,"git, aws, machine learning"
51,Job Title 51,"java, c++, javascript, cloud computing, tensorflow"
52,Job Title 52,"git, react, sql, tensorflow, docker, css, linux"
53,Job Title 53,"python, html, c++, java, cloud computing, aws"
54,Job Title 54,"pytorch, fastapi, c++, html, python, data analysis, java"
55,Job Title 55,"linux, javascript, css, kubernetes, html, c++, machine learning"
56,Job Title 56,"sql, javascript, cloud computing, c++"
57,Job Title 57,"sql, linux, docker, pytorch, kubernetes, java"
58,Job Title 58,"kubernetes, fastapi, linux, c++, react, sql"
59,Job Title 59,"cloud computing, machine learning, react, html, pytorch"
60,Job Title 60,"tensorflow, fastapi, html"
61,Job Title 61,"docker, linux, sql, fastapi, css, python, javascript, data analysis"
62,Job Title 62,"machine learning, react, fastapi, aws"
63,Job Title 63,"html, docker, css, aws, azure"
64,Job Title 64,"java, python, pytorch, html, c++, javascript"
65,Job Title 65,"fastapi, c++, tensorflow, data analysis"
66,Job Title 66,"docker, java, fastapi, linux, azure, git"
67,Job Title 67,"fastapi, kubernetes, aws, react"
68,Job Title 68,"machine learning, java, linux, c++"
69,Job Title 69,"data analysis, html, docker"
70,Job Title 70,"data analysis, cloud computing, java, react, tensorflow, sql, fastapi, javascript"
71,Job Title 71,"docker, html, machine learning, css"
72,Job Title 72,"machine learning, tensorflow, css"
73,Job Title 73,"sql, python, docker, tensorflow, machine learning, data analysis, css"
74,Job Title 74,"c++, java, pytorch, python, cloud computing"
75,Job Title 75,"sql, machine learning, react, git, azure, data analysis, css"
76,Job Title 76,"linux, tensorflow, git, docker"
77,Job Title 77,"python, react, machine learning"
78,Job Title 78,"docker, pytorch, linux"
79,Job Title 79,"linux, python, tensorflow, css, react, aws, docker"
80,Job Title 80,"react, kubernetes, cloud computing, aws, javascript"
81,Job Title 81,"javascript, git, cloud computing, python, pytorch, tensorflow, fastapi"
82,Job Title 82,"linux, git, kubernetes"
83,Job Title 83,"javascript, fastapi, python, pytorch, sql, data analysis, css, azure"
84,Job Title 84,"pytorch, data analysis, html"
85,Job Title 85,"pytorch, cloud computing, css, html, tensorflow"
86,Job Title 86,"linux, html, cloud computing, c++, data analysis, git"
87,Job Title 87,"azure, kubernetes, html, python, javascript"
88,Job Title 88,"cloud computing, machine learning, aws, pytorch, java, c++, fastapi"
89,Job Title 89,"git, pytorch, c++"
90,Job Title 90,"sql, javascript, data analysis"
91,Job Title 91,"git, cloud computing, data analysis, react"
92,Job Title 92,"data analysis, git, fastapi"
93,Job Title 93,"sql, c++, machine learning"
94,Job Title 94,"kubernetes, pytorch, git, linux, java, react, tensorflow, css"
95,Job Title 95,"tensorflow, c++, data analysis, fastapi, javascript, cloud computing"
96,Job Title 96,"javascript, html, fastapi, python, java, azure, pytorch, sql"
97,Job Title 97,"git, machine learning, react"
98,Job Title 98,"machine learning, git, c++, fastapi"
99,Job Title 99,"aws, python, fastapi, tensorflow, c++, azure"
100,Job Title 100,"fastapi, git, java, machine learning, aws, sql, c++, pytorch"
101,Job Title 101,"linux, c++, python, tensorflow"
102,Job Title 102,"html, kubernetes, aws"
103,Job Title 103,"machine learning, tensorflow, html, data analysis"
104,Job Title 104,"linux, html, java, python"
105,Job Title 105,"cloud computing, machine learning, docker, azure, sql"
106,Job Title 106,"fastapi, javascript, html, sql, machine learning"
107,Job Title 107,"git, tensorflow, css, python"
108,Job Title 108,"cloud computing, pytorch, data analysis, java, html, c++, aws"
109,Job Title 109,"fastapi, kubernetes, tensorflow, git, react, python, sql"
110,Job Title 110,"cloud computing, azure, aws, react, sql, linux, tensorflow"
111,Job Title 111,"react, cloud computing, pytorch, html, fastapi, linux, azure, sql"
112,Job Title 112,"kubernetes, html, java, javascript, data analysis, python, cloud computing"
113,Job Title 113,"docker, git, java, machine learning, data analysis, c++, aws"
114,Job Title 114,"python, docker, machine learning"
115,Job Title 115,"sql, cloud computing, react, data analysis"
116,Job Title 116,"linux, css, java"
117,Job Title 117,"aws, pytorch, machine learning, html, azure, java, react"
118,Job Title 118,"docker, html, python, css, fastapi"
119,Job Title 119,"linux, cloud computing, c++, pytorch, docker"
120,Job Title 120,"java, aws, git, cloud computing, docker, data analysis, react, pytorch"
121,Job Title 121,"sql, c++, linux, python"
122,Job Title 122,"azure, python, html, docker, c++, kubernetes, fastapi, javascript"
123,Job Title 123,"docker, git, react, machine learning, aws, azure"
124,Job Title 124,"fastapi, machine learning, javascript, git, linux, data analysis, html"
125,Job Title 125,"data analysis, git, java, react, python, sql, cloud computing, azure"
126,Job Title 126,"machine learning, java, python, data analysis, azure, linux, javascript, react"
127,Job Title 127,"git, sql, python, fastapi, tensorflow, java"
128,Job Title 128,"git, azure, cloud computing, html"
129,Job Title 129,"python, git, azure, aws"
130,Job Title 130,"css, java, javascript"
131,Job Title 131,"sql, cloud computing, machine learning"
132,Job Title 132,"css, java, azure, fastapi, data analysis, python, aws, kubernetes"
133,Job Title 133,"aws, data analysis, sql, linux"
134,Job Title 134,"fastapi, git, azure, html, javascript, docker, python"
135,Job Title 135,"azure, docker, tensorflow, aws, c++, machine learning, git, react"
136,Job Title 136,"aws, linux, css, machine learning, pytorch, data analysis"
137,Job Title 137,"kubernetes, c++, cloud computing, pytorch, javascript"
138,Job Title 138,"css, fastapi, kubernetes, react"
139,Job Title 139,"c++, git, css, kubernetes, html, fastapi, python, cloud computing"
140,Job Title 140,"c++, cloud computing, azure"
141,Job Title 141,"tensorflow, html, java, react, data analysis, linux"
142,Job Title 142,"tensorflow, python, react, data analysis, sql, java, git"
143,Job Title 143,"cloud computing, html, react, java, aws, c++, fastapi"
144,Job Title 144,"kubernetes, html, docker"
145,Job Title 145,"javascript, machine learning, c++, sql, kubernetes"
146,Job Title 146,"tensorflow, pytorch, cloud computing, git, sql, css"
147,Job Title 147,"react, data analysis, aws, git, kubernetes, azure"
148,Job Title 148,"pytorch, python, docker, sql, kubernetes, machine learning, javascript"
149,Job Title 149,"aws, pytorch, c++, python, kubernetes"
150,Job Title 150,"tensorflow, css, javascript, sql, linux"
151,Job Title 151,"git, react, fastapi"
152,Job Title 152,"java, sql, fastapi, kubernetes, cloud computing"
153,Job Title 153,"cloud computing, html, javascript, docker, css, fastapi, git"
154,Job Title 154,"sql, css, tensorflow, docker, git, data analysis, linux"
155,Job Title 155,"css, c++, machine learning, pytorch, data analysis, react, java, azure"
156,Job Title 156,"python, html, sql, fastapi, azure, javascript, kubernetes"
157,Job Title 157,"aws, fastapi, python, sql, css, c++, java"
158,Job Title 158,"data analysis, linux, python, javascript, cloud computing"
159,Job Title 159,"git, python, html, azure, cloud computing, pytorch, javascript, css"
160,Job Title 160,"react, css, aws, sql"
161,Job Title 161,"machine learning, html, sql, python"
162,Job Title 162,"java, git, sql, linux"
163,Job Title 163,"sql, fastapi, python, c++"
164,Job Title 164,"machine learning, aws, python, kubernetes"
165,Job Title 165,"pytorch, css, linux, sql, cloud computing, fastapi, git"
166,Job Title 166,"css, html, javascript, fastapi"
167,Job Title 167,"git, aws, python, css"
168,Job Title 168,"python, azure, sql, c++, cloud computing, linux, css"
169,Job Title 169,"javascript, c++, linux, azure, docker, html, data analysis"
170,Job Title 170,"data analysis, react, kubernetes"
171,Job Title 171,"machine learning, react, pytorch, cloud computing, aws, tensorflow, git"
172,Job Title 172,"javascript, linux, docker, c++, fastapi, html"
173,Job Title 173,"java, kubernetes, css"
174,Job Title 174,"react, css, azure, git"
175,Job Title 175,"git, kubernetes, cloud computing, docker, css"
176,Job Title 176,"css, kubernetes, python, azure, tensorflow, linux, cloud computing"
177,Job Title 177,"aws, c++, javascript"
178,Job Title 178,"git, docker, html, aws"
179,Job Title 179,"aws, java, azure, git, sql, fastapi, html"
180,Job Title 180,"html, aws, cloud computing, git, kubernetes"
181,Job Title 181,"azure, fastapi, docker, html, sql, c++, linux, pytorch"
182,Job Title 182,"react, pytorch, c++, machine learning"
183,Job Title 183,"javascript, react, docker"
184,Job Title 184,"react, git, python"
185,Job Title 185,"sql, data analysis, css, kubernetes, python"
186,Job Title 186,"linux, sql, c++, azure, git"
187,Job Title 187,"data analysis, git, html, fastapi, azure"
188,Job Title 188,"kubernetes, sql, cloud computing, machine learning, pytorch, docker, javascript, azure"
189,Job Title 189,"fastapi, data analysis, aws, javascript"
190,Job Title 190,"sql, linux, machine learning, data analysis"
191,Job Title 191,"javascript, tensorflow, fastapi, sql, pytorch, data analysis"
192,Job Title 192,"aws, linux, html, java, javascript, fastapi, azure"
193,Job Title 193,"linux, css, machine learning, data analysis"
194,Job Title 194,"sql, azure, git, docker, javascript, css, data analysis"
195,Job Title 195,"data analysis, javascript, tensorflow, fastapi, html, git"
196,Job Title 196,"python, kubernetes, html, docker, react, c++"
197,Job Title 197,"kubernetes, react, python, tensorflow, java"
198,Job Title 198,"fastapi, azure, javascript, python"
199,Job Title 199,"machine learning, java, html"
200,Job Title 200,"html, linux, data analysis"
201,Job Title 201,"azure, java, html, c++, kubernetes, cloud computing, tensorflow"
202,Job Title 202,"java, aws, javascript"
203,Job Title 203,"machine learning, tensorflow, kubernetes, linux"
204,Job Title 204,"fastapi, tensorflow, azure, sql, css"
205,Job Title 205,"kubernetes, docker, python, java, azure, react"
206,Job Title 206,"fastapi, kubernetes, html, machine learning"
207,Job Title 207,"docker, fastapi, pytorch, c++, git, linux, aws"
208,Job Title 208,"sql, css, cloud computing, linux, data analysis, machine learning, kubernetes, fastapi"
209,Job Title 209,"react, sql, cloud computing, python, git, linux"
210,Job Title 210,"python, sql, cloud computing"
211,Job Title 211,"git, sql, data analysis, react, html, linux"
212,Job Title 212,"tensorflow, pytorch, git, html, python, machine learning, sql, c++"
213,Job Title 213,"c++, kubernetes, java, azure, docker, css, javascript, git"
214,Job Title 214,"kubernetes, c++, tensorflow, machine learning, aws"
215,Job Title 215,"aws, fastapi, react"
216,Job Title 216,"git, kubernetes, java"
217,Job Title 217,"cloud computing, fastapi, c++"
218,Job Title 218,"python, linux, azure, git, docker, java"
219,Job Title 219,"machine learning, data analysis, git, aws, css, html"
220,Job Title 220,"html, data analysis, git, pytorch, python, cloud computing"
221,Job Title 221,"javascript, c++, java"
222,Job Title 222,"data analysis, javascript, kubernetes"
223,Job Title 223,"pytorch, aws, sql, kubernetes, html, git"
224,Job Title 224,"data analysis, pytorch, git, javascript, python, cloud computing, azure"
225,Job Title 225,"aws, kubernetes, python, c++, data analysis"
226,Job Title 226,"git, fastapi, css, c++"
227,Job Title 227,"javascript, aws, html, cloud computing, machine learning, linux, pytorch"
228,Job Title 228,"c++, aws, react"
229,Job Title 229,"html, azure, cloud computing, kubernetes, c++, react, fastapi, python"
230,Job Title 230,"data analysis, pytorch, azure, machine learning, javascript, kubernetes, java"
231,Job Title 231,"machine learning, linux, react"
232,Job Title 232,"python, git, java"
233,Job Title 233,"machine learning, azure, react"
234,Job Title 234,"fastapi, aws, kubernetes, python, sql, react"
235,Job Title 235,"c++, cloud computing, html, python"
236,Job Title 236,"cloud computing, linux, c++, html"
237,Job Title 237,"javascript, git, sql, pytorch, kubernetes"
238,Job Title 238,"tensorflow, css, c++, fastapi, git, linux"
239,Job Title 239,"python, tensorflow, html, sql"
240,Job Title 240,"cloud computing, data analysis, html, git, machine learning, pytorch, c++"
241,Job Title 241,"linux, javascript, machine learning"
242,Job Title 242,"pytorch, fastapi, python, css, machine learning, data analysis, aws, kubernetes"
243,Job Title 243,"machine learning, javascript, fastapi"
244,Job Title 244,"kubernetes, css, react, cloud computing"
245,Job Title 245,"data analysis, kubernetes, react, c++, pytorch, javascript, css, tensorflow"
246,Job Title 246,"react, java, cloud computing, css, fastapi, javascript, linux, c++"
247,Job Title 247,"java, azure, kubernetes, machine learning, html, fastapi, cloud computing"
248,Job Title 248,"git, javascript, react, pytorch, python"
249,Job Title 249,"fastapi, css, java, cloud computing, data analysis, aws"
250,Job Title 250,"machine learning, python, react, docker"
251,Job Title 251,"css, data analysis, machine learning"
252,Job Title 252,"c++, html, docker, fastapi, css, react, kubernetes"
253,Job Title 253,"data analysis, linux, tensorflow, aws, java, css, c++"
254,Job Title 254,"azure, docker, fastapi, pytorch, react, python"
255,Job Title 255,"kubernetes, azure, sql, fastapi"
256,Job Title 256,"sql, git, pytorch, c++, java, aws"
257,Job Title 257,"pytorch, python, docker, sql, java, linux"
258,Job Title 258,"java, azure, pytorch, html, cloud computing, javascript"
259,Job Title 259,"python, sql, docker, aws, azure, cloud computing, machine learning"
260,Job Title 260,"data analysis, git, cloud computing, linux, azure"
261,Job Title 261,"css, tensorflow, react, html, linux"
262,Job Title 262,"python, fastapi, css, c++"
263,Job Title 263,"fastapi, python, docker, sql, tensorflow, kubernetes, machine learning"
264,Job Title 264,"javascript, cloud computing, data analysis, html, kubernetes, react"
265,Job Title 265,"azure, fastapi, css, docker"
266,Job Title 266,"html, css, sql"
267,Job Title 267,"linux, cloud computing, machine learning"
268,Job Title 268,"machine learning, c++, linux, azure, tensorflow, git, python"
269,Job Title 269,"css, c++, java, fastapi, aws, git"
270,Job Title 270,"kubernetes, pytorch, javascript, git, docker"
271,Job Title 271,"kubernetes, linux, cloud computing, machine learning, python"
272,Job Title 272,"machine learning, javascript, git, pytorch, css, docker"
273,Job Title 273,"cloud computing, pytorch, kubernetes, java, docker, data analysis, git"
274,Job Title 274,"css, html, cloud computing"
275,Job Title 275,"machine learning, java, css, linux, sql"
276,Job Title 276,"css, react, c++, data analysis, java, fastapi, linux, kubernetes"
277,Job Title 277,"python, html, docker, git"
278,Job Title 278,"c++, git, data analysis, machine learning, html, java, kubernetes"
279,Job Title 279,"azure, kubernetes, fastapi"
280,Job Title 280,"fastapi, sql, git, kubernetes, machine learning, linux, java"
281,Job Title 281,"aws, docker, css, react, tensorflow, python, machine learning"
282,Job Title 282,"java, python, sql"
283,Job Title 283,"kubernetes, fastapi, python, azure"
284,Job Title 284,"linux, machine learning, pytorch, aws, c++, kubernetes, javascript"
285,Job Title 285,"git, kubernetes, cloud computing, aws, python"
286,Job Title 286,"sql, pytorch, linux, c++, tensorflow, python, machine learning, css"
287,Job Title 287,"git, aws, linux, kubernetes"
288,Job Title 288,"fastapi, pytorch, git, cloud computing, machine learning, html, tensorflow, docker"
289,Job Title 289,"git, docker, css, javascript, tensorflow, c++"
290,Job Title 290,"azure, c++, linux, docker, tensorflow, react, sql"
291,Job Title 291,"react, sql, cloud computing, linux, git, python, css, fastapi"
292,Job Title 292,"react, html, javascript"
293,Job Title 293,"azure, html, pytorch"
294,Job Title 294,"machine learning, tensorflow, git, c++"
295,Job Title 295,"fastapi, css, azure, git, java, docker, sql"
296,Job Title 296,"tensorflow, sql, machine learning, git"
297,Job Title 297,"tensorflow, css, data analysis, machine learning, git, docker, kubernetes, react"
298,Job Title 298,"data analysis, java, git"
299,Job Title 299,"azure, data analysis, docker, python, css, java, c++, kubernetes"
300,Job Title 300,"cloud computing, tensorflow, machine learning, docker, javascript, c++"
301,Job Title 301,"aws, machine learning, python, azure, git, docker, kubernetes"
302,Job Title 302,"git, kubernetes, fastapi, linux, data analysis, c++, react"
303,Job Title 303,"cloud computing, javascript, azure"
304,Job Title 304,"pytorch, css, git"
305,Job Title 305,"git, cloud computing, c++, aws, react, fastapi"
306,Job Title 306,"azure, pytorch, docker, c++, machine learning, linux, javascript, python"
307,Job Title 307,"kubernetes, docker, html, css"
308,Job Title 308,"python, cloud computing, javascript, git"
309,Job Title 309,"pytorch, docker, html, tensorflow, azure, cloud computing, react"
310,Job Title 310,"machine learning, css, azure, pytorch, fastapi"
311,Job Title 311,"machine learning, azure, tensorflow, docker, linux"
312,Job Title 312,"git, python, javascript, tensorflow, fastapi, sql, machine learning"
313,Job Title 313,"pytorch, cloud computing, data analysis"
314,Job Title 314,"css, docker, html, git, python"
315,Job Title 315,"git, fastapi, c++, cloud computing, java, css"
316,Job Title 316,"docker, fastapi, css, azure, pytorch"
317,Job Title 317,"data analysis, python, javascript, tensorflow, sql, c++, aws"
318,Job Title 318,"docker, html, react, data analysis, css, git, fastapi"
319,Job Title 319,"javascript, machine learning, react, linux, python, kubernetes"
320,Job Title 320,"javascript, python, html, react, fastapi, aws, git, c++"
321,Job Title 321,"css, git, javascript, python, docker"
322,Job Title 322,"css, azure, aws, javascript"
323,Job Title 323,"data analysis, react, machine learning, azure, cloud computing, sql, javascript"
324,Job Title 324,"docker, fastapi, java, sql"
325,Job Title 325,"git, css, java, python"
326,Job Title 326,"pytorch, python, fastapi, aws, docker, linux"
327,Job Title 327,"kubernetes, javascript, linux, aws, git, cloud computing, css"
328,Job Title 328,"azure, kubernetes, machine learning, html, fastapi, git, c++, tensorflow"
329,Job Title 329,"azure, css, html, javascript, sql, react, python, machine learning"
330,Job Title 330,"react, azure, data analysis, tensorflow, python, git, linux"
331,Job Title 331,"git, css, kubernetes, linux, python"
332,Job Title 332,"fastapi, git, react, html"
333,Job Title 333,"python, tensorflow, javascript, aws, kubernetes, c++, docker, sql"
334,Job Title 334,"fastapi, css, git, tensorflow, javascript, java, sql, data analysis"
335,Job Title 335,"linux, aws, c++, machine learning, cloud computing, tensorflow"
336,Job Title 336,"aws, javascript, fastapi, azure"
337,Job Title 337,"aws, react, java, machine learning, docker, html, azure"
338,Job Title 338,"docker, css, aws, kubernetes, machine learning, azure, pytorch, git"
339,Job Title 339,"machine learning, cloud computing, azure, git, sql, pytorch"
340,Job Title 340,"data analysis, aws, machine learning, python, pytorch"
341,Job Title 341,"aws, python, javascript, tensorflow"
342,Job Title 342,"kubernetes, docker, sql, git, cloud computing, react, data analysis, python"
343,Job Title 343,"linux, css, data analysis, c++, fastapi, machine learning"
344,Job Title 344,"aws, cloud computing, sql, machine learning, java"
345,Job Title 345,"java, tensorflow, data analysis"
346,Job Title 346,"kubernetes, aws, azure, machine learning, javascript, cloud computing, sql"
347,Job Title 347,"c++, react, html, docker, sql, fastapi"
348,Job Title 348,"javascript, pytorch, sql, docker, azure, git"
349,Job Title 349,"cloud computing, css, tensorflow, java, c++"
350,Job Title 350,"azure, java, c++, pytorch, sql"
351,Job Title 351,"machine learning, data analysis, azure, pytorch, java, aws, cloud computing, c++"
352,Job Title 352,"git, fastapi, java"
353,Job Title 353,"docker, html, java"
354,Job Title 354,"data analysis, css, linux, javascript, html, java, docker"
355,Job Title 355,"docker, python, pytorch, html, azure, fastapi, git"
356,Job Title 356,"react, fastapi, sql, c++, linux, html, machine learning"
357,Job Title 357,"javascript, docker, c++, linux, html, git, java, fastapi"
358,Job Title 358,"java, c++, html"
359,Job Title 359,"fastapi, machine learning, javascript, data analysis, linux"
360,Job Title 360,"cloud computing, kubernetes, machine learning, docker, java, tensorflow, azure"
361,Job Title 361,"docker, fastapi, sql, css"
362,Job Title 362,"sql, tensorflow, java, fastapi, git"
363,Job Title 363,"docker, html, fastapi, react, linux, data analysis"
364,Job Title 364,"java, python, kubernetes"
365,Job Title 365,"javascript, sql, react"
366,Job Title 366,"machine learning, azure, tensorflow, javascript, cloud computing, c++, html"
367,Job Title 367,"cloud computing, machine learning, pytorch, sql, data analysis, c++"
368,Job Title 368,"java, html, pytorch, react"
369,Job Title 369,"python, docker, react, cloud computing"
370,Job Title 370,"data analysis, css, kubernetes, linux, java"
371,Job Title 371,"azure, kubernetes, machine learning, tensorflow, html, pytorch, java, git"
372,Job Title 372,"javascript, git, sql"
373,Job Title 373,"git, react, data analysis, linux, pytorch, python, machine learning, cloud computing"
374,Job Title 374,"css, react, html, kubernetes, tensorflow, sql"
375,Job Title 375,"pytorch, machine learning, tensorflow"
376,Job Title 376,"java, c++, react, machine learning, cloud computing"
377,Job Title 377,"css, cloud computing, sql, tensorflow, python"
378,Job Title 378,"data analysis, fastapi, sql, pytorch, css"
379,Job Title 379,"python, sql, aws, java"
380,Job Title 380,"css, fastapi, html, docker, aws"
381,Job Title 381,"machine learning, html, azure, data analysis"
382,Job Title 382,"docker, fastapi, machine learning, sql, tensorflow, pytorch"
383,Job Title 383,"machine learning, data analysis, python, sql"
384,Job Title 384,"machine learning, kubernetes, html, aws, azure, javascript, css, docker"
385,Job Title 385,"git, c++, linux, machine learning"
386,Job Title 386,"java, azure, javascript"
387,Job Title 387,"java, azure, data analysis, html, linux, javascript, python"
388,Job Title 388,"fastapi, javascript, react, kubernetes"
389,Job Title 389,"kubernetes, azure, fastapi, html, javascript"
390,Job Title 390,"fastapi, java, css, react, python"
391,Job Title 391,"css, tensorflow, fastapi, azure"
392,Job Title 392,"javascript, sql, machine learning"
393,Job Title 393,"css, docker, linux, html"
394,Job Title 394,"machine learning, sql, git, aws"
395,Job Title 395,"azure, sql, java, cloud computing, c++"
396,Job Title 396,"pytorch, c++, git"
397,Job Title 397,"react, azure, java, docker, fastapi, pytorch, javascript"
398,Job Title 398,"java, html, c++, cloud computing, azure, aws, git, linux"
399,Job Title 399,"fastapi, azure, aws"
400,Job Title 400,"aws, cloud computing, azure, html, linux, kubernetes, tensorflow"
401,Job Title 401,"linux, css, cloud computing"
402,Job Title 402,"python, git, linux, java, machine learning, cloud computing"
403,Job Title 403,"linux, c++, tensorflow, css, javascript, machine learning, html"
404,Job Title 404,"python, react, linux, pytorch, data analysis, kubernetes, java, c++"
405,Job Title 405,"tensorflow, python, linux, cloud computing, pytorch, html"
406,Job Title 406,"pytorch, java, c++, docker"
407,Job Title 407,"c++, data analysis, pytorch"
408,Job Title 408,"linux, c++, aws, java, git, machine learning, css"
409,Job Title 409,"tensorflow, sql, aws, css, machine learning"
410,Job Title 410,"fastapi, javascript, java, kubernetes, data analysis"
411,Job Title 411,"aws, linux, cloud computing"
412,Job Title 412,"javascript, pytorch, machine learning"
413,Job Title 413,"docker, machine learning, kubernetes, html, css, c++, data analysis, aws"
414,Job Title 414,"azure, cloud computing, aws"
415,Job Title 415,"css, linux, cloud computing, data analysis"
416,Job Title 416,"fastapi, data analysis, javascript, react, tensorflow"
417,Job Title 417,"git, cloud computing, java"
418,Job Title 418,"docker, javascript, git, aws"
419,Job Title 419,"c++, linux, sql, javascript, tensorflow, java, azure"
420,Job Title 420,"cloud computing, c++, azure"
421,Job Title 421,"css, python, html, aws, javascript, data analysis, c++, docker"
422,Job Title 422,"cloud computing, fastapi, tensorflow"
423,Job Title 423,"docker, css, azure"
424,Job Title 424,"docker, kubernetes, python"
425,Job Title 425,"machine learning, data analysis, sql, linux, css"
426,Job Title 426,"sql, git, docker"
427,Job Title 427,"data analysis, docker, aws, c++, css"
428,Job Title 428,"c++, aws, sql, java, pytorch, react, linux, tensorflow"
429,Job Title 429,"c++, javascript, aws, fastapi, java, tensorflow, react, sql"
430,Job Title 430,"aws, c++, git, azure"
431,Job Title 431,"fastapi, tensorflow, kubernetes, javascript, java, react, css, aws"
432,Job Title 432,"javascript, sql, machine learning, git, tensorflow, python"
433,Job Title 433,"javascript, tensorflow, data analysis, c++, docker, css"
434,Job Title 434,"linux, git, pytorch"
435,Job Title 435,"git, tensorflow, linux, fastapi, kubernetes, pytorch, azure"
436,Job Title 436,"aws, git, tensorflow, c++"
437,Job Title 437,"css, react, tensorflow"
438,Job Title 438,"html, css, aws, linux, react, java"
439,Job Title 439,"machine learning, data analysis, fastapi"
440,Job Title 440,"javascript, git, pytorch, html, docker, fastapi, linux"
441,Job Title 441,"fastapi, sql, linux, html, kubernetes, azure, react"
442,Job Title 442,"data analysis, python, linux"
443,Job Title 443,"linux, html, kubernetes, java"
444,Job Title 444,"javascript, tensorflow, kubernetes, linux, c++"
445,Job Title 445,"javascript, data analysis, kubernetes, react, html, fastapi"
446,Job Title 446,"aws, c++, docker, azure, java, react"
447,Job Title 447,"python, git, cloud computing, docker, azure"
448,Job Title 448,"linux, data analysis, c++, fastapi, azure, git, html"
449,Job Title 449,"c++, linux, machine learning, azure, pytorch"
450,Job Title 450,"java, data analysis, css, kubernetes, aws"
451,Job Title 451,"c++, azure, aws, cloud computing, git"
452,Job Title 452,"git, pytorch, sql, linux"
453,Job Title 453,"tensorflow, react, linux, python, fastapi"
454,Job Title 454,"css, azure, python, pytorch, cloud computing, sql"
455,Job Title 455,"azure, c++, machine learning, git"
456,Job Title 456,"java, react, pytorch, kubernetes, html, docker, fastapi"
457,Job Title 457,"react, machine learning, tensorflow"
458,Job Title 458,"fastapi, docker, git"
459,Job Title 459,"python, machine learning, git, kubernetes"
460,Job Title 460,"fastapi, git, machine learning, data analysis, docker, html, cloud computing"
461,Job Title 461,"c++, kubernetes, python, tensorflow, pytorch, machine learning"
462,Job Title 462,"git, fastapi, kubernetes, aws"
463,Job Title 463,"c++, git, data analysis, java, tensorflow, css, pytorch, kubernetes"
464,Job Title 464,"fastapi, html, git, docker"
465,Job Title 465,"linux, aws, data analysis, tensorflow, git, machine learning"
466,Job Title 466,"fastapi, react, java, aws, git, python"
467,Job Title 467,"data analysis, pytorch, python"
468,Job Title 468,"docker, fastapi, aws, linux, javascript"
469,Job Title 469,"fastapi, javascript, java"
470,Job Title 470,"tensorflow, aws, kubernetes, data analysis, java"
471,Job Title 471,"react, aws, azure, javascript, python, sql"
472,Job Title 472,"html, linux, git, aws, css, cloud computing, tensorflow, sql"
473,Job Title 473,"cloud computing, aws, data analysis"
474,Job Title 474,"azure, kubernetes, docker, fastapi"
475,Job Title 475,"css, java, kubernetes, machine learning, fastapi, aws"
476,Job Title 476,"docker, data analysis, machine learning, python, aws, c++"
477,Job Title 477,"html, javascript, linux, fastapi"
478,Job Title 478,"react, html, cloud computing"
479,Job Title 479,"kubernetes, css, python, fastapi, aws, linux, data analysis, sql"
480,Job Title 480,"react, docker, html, linux, aws, pytorch, c++, kubernetes"
481,Job Title 481,"git, kubernetes, pytorch, css, tensorflow, fastapi, react, azure"
482,Job Title 482,"fastapi, azure, javascript, python, git"
483,Job Title 483,"azure, css, javascript, docker, data analysis, fastapi, linux"
484,Job Title 484,"tensorflow, azure, aws, react, css, java"
485,Job Title 485,"html, pytorch, cloud computing, docker, sql, react, fastapi, azure"
486,Job Title 486,"sql, javascript, react"
487,Job Title 487,"sql, html, aws, react, linux, kubernetes, docker"
488,Job Title 488,"java, javascript, machine learning, css, c++, docker"
489,Job Title 489,"react, css, java, html, javascript, python, git"
490,Job Title 490,"css, fastapi, git, kubernetes, html, aws"
491,Job Title 491,"cloud computing, html, react, linux, docker, azure"
492,Job Title 492,"java, azure, c++, tensorflow, sql, fastapi, linux"
493,Job Title 493,"cloud computing, pytorch, linux, html, kubernetes, sql, react"
494,Job Title 494,"python, data analysis, docker, java"
495,Job Title 495,"machine learning, python, fastapi, c++, git, azure"
496,Job Title 496,"docker, javascript, pytorch, aws, linux, machine learning"
497,Job Title 497,"tensorflow, docker, pytorch, machine learning"
498,Job Title 498,"aws, kubernetes, machine learning, pytorch, data analysis, react, git, css"
499,Job Title 499,"aws, fastapi, html, java, data analysis, c++, javascript"
500,Job Title 500,"machine learning, git, fastapi, javascript, aws, sql, data analysis"
501,Job Title 501,"c++, css, aws"
502,Job Title 502,"azure, c++, linux, java, cloud computing, html, docker"
503,Job Title 503,"machine learning, python, pytorch, data analysis"
504,Job Title 504,"python, azure, react, aws, java"
505,Job Title 505,"fastapi, java, tensorflow"
506,Job Title 506,"aws, javascript, data analysis, azure, docker, react"
507,Job Title 507,"pytorch, git, css, html, kubernetes"
508,Job Title 508,"git, machine learning, linux, javascript, react"
509,Job Title 509,"html, sql, cloud computing"
510,Job Title 510,"fastapi, javascript, git, linux, data analysis, tensorflow"
511,Job Title 511,"linux, tensorflow, git, data analysis, javascript, css, react, fastapi"
512,Job Title 512,"fastapi, data analysis, c++, python, git, aws"
513,Job Title 513,"tensorflow, azure, aws, docker, java, pytorch, sql, git"
514,Job Title 514,"aws, data analysis, tensorflow, html, cloud computing, react, docker"
515,Job Title 515,"aws, python, tensorflow, docker, git"
516,Job Title 516,"pytorch, machine learning, java, linux"
517,Job Title 517,"html, data analysis, azure, pytorch"
518,Job Title 518,"aws, tensorflow, pytorch, java, cloud computing, linux, javascript"
519,Job Title 519,"css, docker, fastapi, data analysis, sql, git, aws, kubernetes"
520,Job Title 520,"java, data analysis, pytorch"
521,Job Title 521,"tensorflow, java, c++, machine learning"
522,Job Title 522,"python, kubernetes, aws, pytorch, sql, css, docker, data analysis"
523,Job Title 523,"tensorflow, java, fastapi"
524,Job Title 524,"fastapi, machine learning, java, html, javascript, cloud computing"
525,Job Title 525,"azure, aws, react, c++, html, git, css"
526,Job Title 526,"tensorflow, azure, data analysis, aws, sql, java, css"
527,Job Title 527,"git, javascript, tensorflow, pytorch, java, machine learning, docker"
528,Job Title 528,"machine learning, git, javascript, python, cloud computing, docker, data analysis, html"
529,Job Title 529,"python, javascript, tensorflow, git, fastapi, linux, cloud computing"
530,Job Title 530,"linux, aws, javascript"
531,Job Title 531,"linux, c++, machine learning"
532,Job Title 532,"c++, aws, data analysis"
533,Job Title 533,"python, docker, fastapi"
534,Job Title 534,"machine learning, css, java, tensorflow, linux, html"
535,Job Title 535,"pytorch, data analysis, css, react"
536,Job Title 536,"cloud computing, python, tensorflow, java"
537,Job Title 537,"react, machine learning, c++, javascript"
538,Job Title 538,"sql, tensorflow, java, python, css, machine learning, data analysis"
539,Job Title 539,"c++, linux, html, sql, javascript"
540,Job Title 540,"c++, html, aws, machine learning, sql, tensorflow, python, docker"
541,Job Title 541,"data analysis, python, fastapi, azure"
542,Job Title 542,"tensorflow, javascript, react"
543,Job Title 543,"azure, kubernetes, react"
544,Job Title 544,"python, fastapi, tensorflow, pytorch, c++, docker, kubernetes, machine learning"
545,Job Title 545,"tensorflow, machine learning, azure, kubernetes, pytorch, java, git"
546,Job Title 546,"react, pytorch, aws, html, azure, sql, linux"
547,Job Title 547,"git, css, data analysis"
548,Job Title 548,"c++, html, cloud computing, fastapi, kubernetes, python"
549,Job Title 549,"java, kubernetes, cloud computing, react, python, tensorflow, git"
550,Job Title 550,"git, html, fastapi, aws, cloud computing, machine learning, linux, javascript"
551,Job Title 551,"data analysis, azure, git"
552,Job Title 552,"linux, react, aws, java, javascript, fastapi, tensorflow, machine learning"
553,Job Title 553,"fastapi, docker, react, java, html, sql"
554,Job Title 554,"java, html, azure"
555,Job Title 555,"css, fastapi, linux, git, python, pytorch, java"
556,Job Title 556,"git, cloud computing, python, sql"
557,Job Title 557,"machine learning, sql, cloud computing, java, css, fastapi"
558,Job Title 558,"aws, java, azure, pytorch, c++, html, kubernetes, sql"
559,Job Title 559,"html, fastapi, python, css, kubernetes, docker, linux"
560,Job Title 560,"tensorflow, html, c++, azure, react, sql, linux"
561,Job Title 561,"c++, pytorch, cloud computing"
562,Job Title 562,"react, java, cloud computing, javascript, machine learning, html"
563,Job Title 563,"pytorch, azure, css, data analysis, linux, tensorflow"
564,Job Title 564,"aws, html, fastapi, cloud computing, tensorflow, git"
565,Job Title 565,"cloud computing, sql, html"
566,Job Title 566,"sql, git, pytorch, docker"
567,Job Title 567,"c++, kubernetes, data analysis, aws, git"
568,Job Title 568,"html, git, sql, cloud computing, pytorch, aws"
569,Job Title 569,"machine learning, tensorflow, fastapi, c++, kubernetes, java, data analysis, sql"
570,Job Title 570,"pytorch, data analysis, react, css, fastapi, cloud computing"
571,Job Title 571,"java, tensorflow, html, c++, fastapi"
572,Job Title 572,"aws, linux, sql, react, python"
573,Job Title 573,"sql, fastapi, machine learning, pytorch, docker, tensorflow, react"
574,Job Title 574,"git, javascript, fastapi, tensorflow, pytorch, linux, python"
575,Job Title 575,"react, css, pytorch, cloud computing, azure, kubernetes, git"
576,Job Title 576,"git, aws, docker, react, javascript, cloud computing, kubernetes"
577,Job Title 577,"aws, git, sql"
578,Job Title 578,"git, c++, html"
579,Job Title 579,"tensorflow, fastapi, html, java, javascript"
580,Job Title 580,"react, azure, tensorflow, html, docker, linux, javascript, cloud computing"
581,Job Title 581,"azure, data analysis, sql"
582,Job Title 582,"tensorflow, kubernetes, git, aws, java, pytorch"
583,Job Title 583,"docker, cloud computing, data analysis, fastapi, javascript"
584,Job Title 584,"html, kubernetes, fastapi, data analysis, java"
585,Job Title 585,"machine learning, docker, fastapi, kubernetes, aws, html, python"
586,Job Title 586,"tensorflow, data analysis, html, cloud computing, docker, aws"
587,Job Title 587,"git, aws, cloud computing, java, machine learning, c++"
588,Job Title 588,"linux, html, sql, git"
589,Job Title 589,"aws, azure, machine learning, css, pytorch, data analysis, git"
590,Job Title 590,"css, pytorch, aws, fastapi, java, git, docker"
591,Job Title 591,"java, data analysis, c++, docker, azure, css, cloud computing"
592,Job Title 592,"react, git, cloud computing, linux"
593,Job Title 593,"aws, data analysis, kubernetes, machine learning, git, python, react"
594,Job Title 594,"react, azure, c++, machine learning, tensorflow"
595,Job Title 595,"linux, tensorflow, pytorch"
596,Job Title 596,"javascript, azure, tensorflow"
597,Job Title 597,"css, pytorch, html, react, git"
598,Job Title 598,"git, sql, linux, python, tensorflow"
599,Job Title 599,"css, fastapi, machine learning, sql, linux, html, docker, react"
600,Job Title 600,"fastapi, tensorflow, c++"
601,Job Title 601,"azure, docker, linux, tensorflow, react, git, aws, css"
602,Job Title 602,"docker, git, machine learning, python"
603,Job Title 603,"react, git, javascript, java"
604,Job Title 604,"fastapi, kubernetes, html, pytorch, sql, docker"
605,Job Title 605,"tensorflow, react, azure, data analysis, sql, kubernetes, machine learning"
606,Job Title 606,"css, javascript, linux"
607,Job Title 607,"docker, react, kubernetes, css, python, pytorch, linux, cloud computing"
608,Job Title 608,"css, linux, c++, python"
609,Job Title 609,"fastapi, python, machine learning, react, git, azure"
610,Job Title 610,"fastapi, git, css, tensorflow"
611,Job Title 611,"java, linux, git, azure, javascript"
612,Job Title 612,"fastapi, html, pytorch, tensorflow, docker, sql"
613,Job Title 613,"data analysis, machine learning, cloud computing, azure, docker, kubernetes, react, pytorch"
614,Job Title 614,"machine learning, azure, python, c++"
615,Job Title 615,"git, javascript, kubernetes, html, python, aws"
616,Job Title 616,"pytorch, aws, docker"
617,Job Title 617,"docker, fastapi, html, machine learning, kubernetes, tensorflow"
618,Job Title 618,"cloud computing, sql, azure, fastapi, aws, css, java, python"
619,Job Title 619,"data analysis, react, pytorch, kubernetes, css, java, javascript"
620,Job Title 620,"javascript, react, c++, docker, tensorflow, fastapi, data analysis"
621,Job Title 621,"machine learning, html, cloud computing, kubernetes, python, css, docker"
622,Job Title 622,"pytorch, git, tensorflow, react, kubernetes, c++"
623,Job Title 623,"python, linux, fastapi, aws, azure"
624,Job Title 624,"tensorflow, pytorch, react"
625,Job Title 625,"tensorflow, git, azure, aws, c++, fastapi, python, data analysis"
626,Job Title 626,"sql, docker, react, git, fastapi"
627,Job Title 627,"tensorflow, linux, machine learning, docker, data analysis, css"
628,Job Title 628,"pytorch, java, git, react, azure, c++"
629,Job Title 629,"react, data analysis, aws, azure, cloud computing, pytorch, javascript"
630,Job Title 630,"tensorflow, python, machine learning, sql, c++"
631,Job Title 631,"tensorflow, pytorch, fastapi, python, java, html"
632,Job Title 632,"html, python, cloud computing, aws, react"
633,Job Title 633,"css, docker, machine learning, python, fastapi, react"
634,Job Title 634,"java, react, linux"
635,Job Title 635,"c++, react, aws, java"
636,Job Title 636,"css, cloud computing, pytorch, kubernetes, c++, tensorflow, javascript, docker"
637,Job Title 637,"java, fastapi, docker"
638,Job Title 638,"react, sql, html"
639,Job Title 639,"react, java, c++, git, sql, python, fastapi"
640,Job Title 640,"javascript, kubernetes, cloud computing"
641,Job Title 641,"cloud computing, git, sql"
642,Job Title 642,"cloud computing, aws, css, sql, react, machine learning"
643,Job Title 643,"aws, azure, kubernetes, fastapi, java, python, css, react"
644,Job Title 644,"react, sql, tensorflow, fastapi, data analysis, html, cloud computing"
645,Job Title 645,"kubernetes, git, cloud computing"
646,Job Title 646,"react, javascript, sql, docker, machine learning, css, git"
647,Job Title 647,"docker, kubernetes, java, tensorflow"
648,Job Title 648,"docker, python, java, kubernetes"
649,Job Title 649,"pytorch, python, kubernetes, data analysis"
650,Job Title 650,"data analysis, git, aws, cloud computing"
651,Job Title 651,"docker, git, tensorflow, css, react"
652,Job Title 652,"cloud computing, java, pytorch, javascript, data analysis, linux, css"
653,Job Title 653,"data analysis, docker, java, aws, react"
654,Job Title 654,"html, fastapi, cloud computing, azure, docker, data analysis"
655,Job Title 655,"sql, tensorflow, python, html, data analysis, git"
656,Job Title 656,"docker, react, java, javascript"
657,Job Title 657,"aws, python, react, c++"
658,Job Title 658,"kubernetes, linux, c++, html"
659,Job Title 659,"machine learning, kubernetes, tensorflow, javascript, sql, fastapi, python, css"
660,Job Title 660,"sql, react, c++"
661,Job Title 661,"kubernetes, python, c++, pytorch"
662,Job Title 662,"machine learning, aws, docker, data analysis, sql, pytorch, azure, kubernetes"
663,Job Title 663,"pytorch, c++, react"
664,Job Title 664,"aws, java, linux, kubernetes, c++, javascript, docker, tensorflow"
665,Job Title 665,"react, css, pytorch, fastapi, machine learning, tensorflow, cloud computing"
666,Job Title 666,"machine learning, html, tensorflow, css"
667,Job Title 667,"python, pytorch, tensorflow"
668,Job Title 668,"aws, c++, python, fastapi, html, tensorflow, react"
669,Job Title 669,"css, machine learning, docker, git"
670,Job Title 670,"python, html, c++, aws, java, azure, sql, git"
671,Job Title 671,"cloud computing, c++, css, kubernetes, python, html, aws"
672,Job Title 672,"fastapi, docker, html"
673,Job Title 673,"git, python, react, tensorflow, pytorch, azure, javascript"
674,Job Title 674,"fastapi, data analysis, aws, javascript, pytorch, java, python, tensorflow"
675,Job Title 675,"sql, c++, pytorch, javascript, aws, linux"
676,Job Title 676,"pytorch, react, c++, java"
677,Job Title 677,"python, docker, linux, java"
678,Job Title 678,"linux, css, javascript, c++, data analysis"
679,Job Title 679,"javascript, cloud computing, git, fastapi, tensorflow, html, java, linux"
680,Job Title 680,"java, c++, sql, css, tensorflow"
681,Job Title 681,"machine learning, kubernetes, python, css, cloud computing"
682,Job Title 682,"react, html, data analysis"
683,Job Title 683,"java, docker, pytorch, linux, data analysis, aws, javascript"
684,Job Title 684,"azure, sql, cloud computing, fastapi"
685,Job Title 685,"python, git, linux, docker"
686,Job Title 686,"fastapi, data analysis, azure, css, cloud computing, c++, docker, aws"
687,Job Title 687,"css, tensorflow, react, docker, html, linux, kubernetes, azure"
688,Job Title 688,"tensorflow, python, kubernetes"
689,Job Title 689,"css, linux, azure"
690,Job Title 690,"html, pytorch, python, data analysis"
691,Job Title 691,"kubernetes, javascript, linux, java"
692,Job Title 692,"pytorch, java, git"
693,Job Title 693,"data analysis, aws, azure, cloud computing, python, machine learning, tensorflow"
694,Job Title 694,"html, machine learning, java, data analysis"
695,Job Title 695,"docker, java, html, javascript, cloud computing, css, azure"
696,Job Title 696,"tensorflow, c++, css"
697,Job Title 697,"fastapi, machine learning, git, docker"
698,Job Title 698,"machine learning, data analysis, react, sql, c++, aws, fastapi, pytorch"
699,Job Title 699,"css, kubernetes, java, sql, tensorflow, git, machine learning, python"
700,Job Title 700,"react, git, html, fastapi, kubernetes, cloud computing, pytorch"
701,Job Title 701,"data analysis, c++, docker, html, machine learning, python, pytorch, javascript"
702,Job Title 702,"fastapi, tensorflow, data analysis, linux"
703,Job Title 703,"react, c++, fastapi"
704,Job Title 704,"azure, c++, tensorflow, javascript, data analysis, linux, html"
705,Job Title 705,"pytorch, data analysis, css, sql, kubernetes, aws"
706,Job Title 706,"data analysis, javascript, cloud computing, sql"
707,Job Title 707,"javascript, java, machine learning, sql, pytorch, cloud computing, react, c++"
708,Job Title 708,"kubernetes, sql, linux, pytorch, docker, machine learning"
709,Job Title 709,"machine learning, python, docker, java, css, kubernetes, c++, cloud computing"
710,Job Title 710,"pytorch, kubernetes, aws, python, machine learning, data analysis"
711,Job Title 711,"fastapi, python, pytorch, machine learning, kubernetes, linux, sql"
712,Job Title 712,"react, sql, java, linux, javascript, tensorflow"
713,Job Title 713,"machine learning, git, java, cloud computing, python, javascript, css"
714,Job Title 714,"css, react, kubernetes"
715,Job Title 715,"c++, azure, data analysis, sql, html, css"
716,Job Title 716,"java, c++, fastapi, sql, react"
717,Job Title 717,"sql, javascript, java, docker"
718,Job Title 718,"pytorch, git, javascript, css, fastapi, cloud computing, python"
719,Job Title 719,"cloud computing, linux, machine learning, git, css, c++"
720,Job Title 720,"cloud computing, python, git, linux"
721,Job Title 721,"react, sql, c++, cloud computing, docker, kubernetes, python, tensorflow"
722,Job Title 722,"data analysis, css, aws"
723,Job Title 723,"fastapi, docker, cloud computing, html, java, git, javascript"
724,Job Title 724,"c++, java, machine learning, python"
725,Job Title 725,"java, kubernetes, tensorflow, css, data analysis, react, linux, azure"
726,Job Title 726,"git, fastapi, docker, cloud computing, data analysis, css, javascript, react"
727,Job Title 727,"data analysis, react, tensorflow, git, kubernetes, docker"
728,Job Title 728,"html, git, pytorch, aws, c++, azure, java"
729,Job Title 729,"css, javascript, git"
730,Job Title 730,"java, azure, data analysis, fastapi, cloud computing"
731,Job Title 731,"kubernetes, azure, aws, python, javascript, fastapi, java, git"
732,Job Title 732,"java, aws, tensorflow, javascript, git, docker"
733,Job Title 733,"c++, cloud computing, python"
734,Job Title 734,"docker, tensorflow, cloud computing, html, css"
735,Job Title 735,"kubernetes, pytorch, java, azure, javascript, cloud computing, css"
736,Job Title 736,"react, data analysis, html, tensorflow"
737,Job Title 737,"css, fastapi, pytorch"
738,Job Title 738,"machine learning, python, linux, azure, pytorch"
739,Job Title 739,"python, docker, sql, machine learning"
740,Job Title 740,"react, sql, cloud computing, kubernetes"
741,Job Title 741,"sql, azure, c++, cloud computing"
742,Job Title 742,"javascript, data analysis, tensorflow, git, linux, kubernetes, docker, sql"
743,Job Title 743,"machine learning, css, react, javascript, data analysis, docker"
744,Job Title 744,"pytorch, css, python, fastapi, git, javascript, cloud computing, azure"
745,Job Title 745,"aws, java, docker, html, javascript, python, git, pytorch"
746,Job Title 746,"fastapi, html, javascript, data analysis, css, tensorflow, java, docker"
747,Job Title 747,"linux, react, javascript, aws, python, pytorch, machine learning"
748,Job Title 748,"java, fastapi, azure, aws, tensorflow, pytorch, react"
749,Job Title 749,"aws, data analysis, linux, machine learning, c++, sql"
750,Job Title 750,"css, data analysis, docker, cloud computing, html, javascript, git, pytorch"
751,Job Title 751,"azure, sql, javascript"
752,Job Title 752,"tensorflow, git, python, html, javascript, cloud computing, fastapi"
753,Job Title 753,"azure, java, c++, tensorflow, fastapi, css"
754,Job Title 754,"html, fastapi, css, java, python, linux, sql, tensorflow"
755,Job Title 755,"react, fastapi, pytorch, tensorflow, python"
756,Job Title 756,"javascript, azure, docker"
757,Job Title 757,"kubernetes, data analysis, javascript, tensorflow, python, css"
758,Job Title 758,"html, tensorflow, kubernetes, javascript, sql"
759,Job Title 759,"machine learning, sql, react, cloud computing, fastapi, docker"
760,Job Title 760,"python, aws, sql, kubernetes, docker, linux, data analysis, react"
761,Job Title 761,"tensorflow, cloud computing, javascript, pytorch, linux, java, sql"
762,Job Title 762,"kubernetes, azure, c++, docker"
763,Job Title 763,"python, fastapi, c++, git, pytorch, sql, css, machine learning"
764,Job Title 764,"docker, machine learning, css"
765,Job Title 765,"aws, css, html, azure, python, kubernetes"
766,Job Title 766,"machine learning, linux, sql, aws, c++, css, tensorflow, docker"
767,Job Title 767,"data analysis, c++, git, linux, java, javascript, react, sql"
768,Job Title 768,"machine learning, cloud computing, git"
769,Job Title 769,"javascript, tensorflow, docker"
770,Job Title 770,"python, azure, c++, kubernetes, machine learning, git"
771,Job Title 771,"javascript, html, react, css, pytorch, git"
772,Job Title 772,"pytorch, c++, data analysis, cloud computing, css, git"
773,Job Title 773,"fastapi, azure, python, cloud computing, html, machine learning, react, pytorch"
774,Job Title 774,"react, data analysis, aws, kubernetes, cloud computing, c++, css"
775,Job Title 775,"html, sql, pytorch, git"
776,Job Title 776,"linux, css, fastapi, git, machine learning, pytorch, javascript"
777,Job Title 777,"azure, c++, css, aws, tensorflow, linux, fastapi"
778,Job Title 778,"javascript, pytorch, cloud computing, linux, css, react, aws"
779,Job Title 779,"data analysis, css, python"
780,Job Title 780,"fastapi, kubernetes, react, azure"
781,Job Title 781,"aws, cloud computing, pytorch, fastapi, c++, linux, java, machine learning"
782,Job Title 782,"machine learning, java, kubernetes, azure"
783,Job Title 783,"tensorflow, linux, kubernetes, azure, pytorch"
784,Job Title 784,"pytorch, python, react, machine learning, java, tensorflow, fastapi, aws"
785,Job Title 785,"react, azure, git, machine learning, pytorch"
786,Job Title 786,"docker, fastapi, pytorch, cloud computing, html, react, git"
787,Job Title 787,"linux, pytorch, git, sql, docker, java, css"
788,Job Title 788,"fastapi, machine learning, azure"
789,Job Title 789,"kubernetes, tensorflow, aws, java, machine learning, css, pytorch, linux"
790,Job Title 790,"azure, fastapi, data analysis, c++, tensorflow, pytorch, linux"
791,Job Title 791,"azure, machine learning, pytorch, cloud computing, fastapi, c++"
792,Job Title 792,"git, docker, css, fastapi, tensorflow, pytorch"
793,Job Title 793,"aws, machine learning, kubernetes, tensorflow, fastapi"
794,Job Title 794,"html, aws, css, fastapi, azure, sql"
795,Job Title 795,"python, tensorflow, azure, java, fastapi, css, git, pytorch"
796,Job Title 796,"javascript, kubernetes, sql, git, c++, tensorflow, java, react"
797,Job Title 797,"fastapi, css, sql, cloud computing, c++, tensorflow"
798,Job Title 798,"javascript, fastapi, sql, git, python, docker, kubernetes"
799,Job Title 799,"java, javascript, sql, fastapi, python, linux, html, machine learning"
800,Job Title 800,"html, docker, azure"
801,Job Title 801,"cloud computing, react, azure, pytorch, git, javascript, fastapi"
802,Job Title 802,"data analysis, machine learning, aws, git, cloud computing, css"
803,Job Title 803,"react, cloud computing, pytorch"
804,Job Title 804,"kubernetes, pytorch, azure, cloud computing, git, fastapi, css, machine learning"
805,Job Title 805,"html, cloud computing, javascript"
806,Job Title 806,"cloud computing, html, tensorflow, c++"
807,Job Title 807,"docker, python, aws, azure, javascript, linux, java, tensorflow"
808,Job Title 808,"html, kubernetes, css, pytorch"
809,Job Title 809,"aws, kubernetes, c++"
810,Job Title 810,"docker, machine learning, aws, cloud computing, data analysis, c++, css, react"
811,Job Title 811,"pytorch, python, c++, linux, java, cloud computing"
812,Job Title 812,"java, c++, react, docker"
813,Job Title 813,"fastapi, sql, linux, react, aws, kubernetes, html, javascript"
814,Job Title 814,"javascript, fastapi, html, data analysis, kubernetes, java, c++"
815,Job Title 815,"linux, pytorch, git, html, machine learning, azure, cloud computing"
816,Job Title 816,"java, azure, pytorch, docker, aws, react, python, fastapi"
817,Job Title 817,"javascript, data analysis, fastapi, python, kubernetes, azure"
818,Job Title 818,"html, tensorflow, css, linux"
819,Job Title 819,"java, sql, kubernetes, machine learning, fastapi, azure"
820,Job Title 820,"react, kubernetes, aws, git"
821,Job Title 821,"linux, c++, docker, java"
822,Job Title 822,"html, python, cloud computing, data analysis, pytorch, c++"
823,Job Title 823,"git, python, aws, css, html, fastapi, cloud computing"
824,Job Title 824,"docker, javascript, tensorflow, data analysis, html, react, machine learning"
825,Job Title 825,"fastapi, javascript, java, python, cloud computing, kubernetes"
826,Job Title 826,"linux, c++, css, kubernetes, react, docker, sql, cloud computing"
827,Job Title 827,"fastapi, html, cloud computing, react"
828,Job Title 828,"aws, fastapi, azure, css, linux"
829,Job Title 829,"aws, html, git, javascript, data analysis, machine learning, java"
830,Job Title 830,"fastapi, aws, pytorch, python"
831,Job Title 831,"tensorflow, kubernetes, fastapi, python, git, machine learning, sql, docker"
832,Job Title 832,"sql, docker, data analysis, python, aws, linux, azure, tensorflow"
833,Job Title 833,"c++, azure, python, aws, react, tensorflow"
834,Job Title 834,"html, java, c++"
835,Job Title 835,"linux, c++, fastapi, data analysis, sql, machine learning"
836,Job Title 836,"azure, kubernetes, aws, tensorflow"
837,Job Title 837,"tensorflow, machine learning, css, aws, react"
838,Job Title 838,"aws, html, javascript, git, fastapi, python, c++, azure"
839,Job Title 839,"azure, c++, pytorch, cloud computing, data analysis"
840,Job Title 840,"react, sql, html, azure, machine learning"
841,Job Title 841,"javascript, linux, react, machine learning, cloud computing, fastapi, aws"
842,Job Title 842,"azure, pytorch, javascript, aws, data analysis, machine learning, c++, react"
843,Job Title 843,"kubernetes, data analysis, java, sql, python, fastapi"
844,Job Title 844,"html, sql, javascript, cloud computing, react, aws, css"
845,Job Title 845,"react, azure, kubernetes, git, cloud computing"
846,Job Title 846,"tensorflow, kubernetes, cloud computing, java, react"
847,Job Title 847,"python, tensorflow, fastapi, java"
848,Job Title 848,"css, tensorflow, react, c++, cloud computing, sql"
849,Job Title 849,"machine learning, c++, tensorflow, data analysis, java"
850,Job Title 850,"cloud computing, azure, css, docker, pytorch, python, linux"
851,Job Title 851,"machine learning, css, java, kubernetes, azure, javascript, cloud computing"
852,Job Title 852,"azure, python, kubernetes, linux, data analysis, css, sql, javascript"
853,Job Title 853,"sql, javascript, css"
854,Job Title 854,"docker, git, javascript, azure, data analysis, react, tensorflow"
855,Job Title 855,"c++, sql, data analysis"
856,Job Title 856,"data analysis, pytorch, react, aws, java"
857,Job Title 857,"git, azure, c++, tensorflow, python, linux"
858,Job Title 858,"data analysis, sql, javascript, html"
859,Job Title 859,"java, python, kubernetes"
860,Job Title 860,"azure, pytorch, javascript, python, linux, tensorflow, cloud computing"
861,Job Title 861,"aws, data analysis, sql, cloud computing"
862,Job Title 862,"cloud computing, tensorflow, sql, machine learning, fastapi"
863,Job Title 863,"kubernetes, cloud computing, data analysis, pytorch"
864,Job Title 864,"c++, machine learning, azure, tensorflow, javascript, linux, kubernetes, git"
865,Job Title 865,"c++, machine learning, cloud computing, javascript, tensorflow, sql, azure"
866,Job Title 866,"html, c++, tensorflow, machine learning, fastapi, docker, linux"
867,Job Title 867,"tensorflow, git, pytorch, react, aws, linux, kubernetes, docker"
868,Job Title 868,"pytorch, javascript, git"
869,Job Title 869,"git, java, css"
870,Job Title 870,"fastapi, aws, sql, python, kubernetes, cloud computing"
871,Job Title 871,"git, linux, azure, css, kubernetes, python, cloud computing, machine learning"
872,Job Title 872,"sql, java, css"
873,Job Title 873,"tensorflow, react, fastapi"
874,Job Title 874,"java, data analysis, aws, c++, docker"
875,Job Title 875,"pytorch, fastapi, tensorflow, aws, cloud computing, data analysis, html, python"
876,Job Title 876,"c++, data analysis, machine learning, fastapi, cloud computing, tensorflow, kubernetes"
877,Job Title 877,"sql, python, docker, azure, javascript"
878,Job Title 878,"docker, python, css, sql, tensorflow, azure, pytorch, git"
879,Job Title 879,"python, pytorch, tensorflow"
880,Job Title 880,"docker, python, html"
881,Job Title 881,"docker, tensorflow, c++, git, cloud computing, sql, java"
882,Job Title 882,"react, java, aws, kubernetes"
883,Job Title 883,"html, react, tensorflow, cloud computing"
884,Job Title 884,"c++, kubernetes, machine learning, git, cloud computing, java, fastapi, pytorch"
885,Job Title 885,"java, css, sql, kubernetes, javascript, aws"
886,Job Title 886,"git, javascript, react, data analysis, sql"
887,Job Title 887,"python, react, java"
888,Job Title 888,"c++, linux, fastapi, python, sql"
889,Job Title 889,"machine learning, python, c++"
890,Job Title 890,"tensorflow, css, c++, cloud computing, python, react"
891,Job Title 891,"react, linux, aws"
892,Job Title 892,"tensorflow, react, c++, html, sql, kubernetes, machine learning, git"
893,Job Title 893,"tensorflow, css, machine learning, aws"
894,Job Title 894,"html, data analysis, pytorch, python, react, machine learning"
895,Job Title 895,"pytorch, aws, machine learning, linux, azure"
896,Job Title 896,"python, c++, javascript"
897,Job Title 897,"fastapi, css, machine learning, aws, react, azure, tensorflow"
898,Job Title 898,"react, git, sql, azure, tensorflow, fastapi, pytorch, docker"
899,Job Title 899,"css, cloud computing, fastapi, html, machine learning"
900,Job Title 900,"react, sql, docker, kubernetes, cloud computing"
901,Job Title 901,"sql, docker, azure, machine learning"
902,Job Title 902,"tensorflow, fastapi, sql, javascript"
903,Job Title 903,"aws, docker, html, javascript, azure, linux"
904,Job Title 904,"data analysis, pytorch, linux, react, azure, kubernetes, python, git"
905,Job Title 905,"docker, azure, html"
906,Job Title 906,"data analysis, sql, react, html, tensorflow, css, linux, aws"
907,Job Title 907,"docker, cloud computing, fastapi, kubernetes, css, sql"
908,Job Title 908,"javascript, kubernetes, react, data analysis, c++, css, pytorch, docker"
909,Job Title 909,"sql, fastapi, tensorflow, java, pytorch, javascript"
910,Job Title 910,"c++, git, machine learning, docker"
911,Job Title 911,"c++, cloud computing, tensorflow, machine learning, pytorch"
912,Job Title 912,"html, css, pytorch"
913,Job Title 913,"sql, python, azure, html, css, react"
914,Job Title 914,"pytorch, cloud computing, azure"
915,Job Title 915,"aws, kubernetes, c++, linux, tensorflow, data analysis, html, azure"
916,Job Title 916,"machine learning, pytorch, linux"
917,Job Title 917,"docker, aws, react, azure, fastapi, css, java, html"
918,Job Title 918,"data analysis, javascript, html, tensorflow, css, aws, java, cloud computing"
919,Job Title 919,"sql, pytorch, azure, react, c++"
920,Job Title 920,"cloud computing, java, c++, azure, css"
921,Job Title 921,"docker, javascript, linux, tensorflow, css, pytorch, c++, machine learning"
922,Job Title 922,"python, linux, fastapi, git, data analysis, aws"
923,Job Title 923,"aws, html, machine learning, git, cloud computing, java, python"
924,Job Title 924,"git, azure, tensorflow"
925,Job Title 925,"linux, azure, java, fastapi, git"
926,Job Title 926,"css, docker, kubernetes, java, data analysis, aws"
927,Job Title 927,"azure, python, fastapi"
928,Job Title 928,"tensorflow, pytorch, c++, java, python"
929,Job Title 929,"python, machine learning, tensorflow"
930,Job Title 930,"java, react, cloud computing"
931,Job Title 931,"fastapi, linux, tensorflow, azure, javascript, c++, machine learning, css"
932,Job Title 932,"c++, docker, python, azure, java, fastapi, git, data analysis"
933,Job Title 933,"sql, javascript, css, linux, fastapi"
934,Job Title 934,"javascript, sql, git"
935,Job Title 935,"data analysis, tensorflow, kubernetes, cloud computing, aws, sql, css"
936,Job Title 936,"machine learning, java, fastapi, react, css, sql, html"
937,Job Title 937,"pytorch, html, react, kubernetes, aws, cloud computing"
938,Job Title 938,"fastapi, kubernetes, tensorflow, git, data analysis"
939,Job Title 939,"python, docker, java"
940,Job Title 940,"tensorflow, aws, react, javascript, sql, linux, css"
941,Job Title 941,"java, react, linux, azure, tensorflow"
942,Job Title 942,"linux, cloud computing, fastapi, azure, aws, react, git, c++"
943,Job Title 943,"kubernetes, aws, tensorflow, data analysis, css, html"
944,Job Title 944,"aws, data analysis, cloud computing, tensorflow"
945,Job Title 945,"linux, javascript, java, machine learning"
946,Job Title 946,"python, html, linux, java"
947,Job Title 947,"git, fastapi, sql, data analysis, react, aws"
948,Job Title 948,"tensorflow, machine learning, kubernetes"
949,Job Title 949,"python, c++, kubernetes, aws, javascript"
950,Job Title 950,"tensorflow, python, cloud computing"
951,Job Title 951,"data analysis, linux, css, react, tensorflow"
952,Job Title 952,"html, kubernetes, react, pytorch, aws"
953,Job Title 953,"react, pytorch, machine learning, aws, sql"
954,Job Title 954,"docker, react, machine learning, fastapi"
955,Job Title 955,"docker, fastapi, data analysis, java, kubernetes, tensorflow, react, machine learning"
956,Job Title 956,"java, c++, react"
957,Job Title 957,"css, kubernetes, fastapi, java, cloud computing"
958,Job Title 958,"aws, git, java, javascript, kubernetes"
959,Job Title 959,"docker, javascript, machine learning, tensorflow, linux, azure, sql, html"
960,Job Title 960,"docker, pytorch, sql, html, css, tensorflow, machine learning, react"
961,Job Title 961,"docker, azure, kubernetes, fastapi, machine learning, react, tensorflow, html"
962,Job Title 962,"cloud computing, c++, linux, aws, javascript"
963,Job Title 963,"machine learning, pytorch, aws, linux, c++"
964,Job Title 964,"kubernetes, aws, c++, javascript, html"
965,Job Title 965,"machine learning, pytorch, azure, docker, aws"
966,Job Title 966,"java, cloud computing, css, c++, aws, pytorch, tensorflow"
967,Job Title 967,"python, git, docker"
968,Job Title 968,"machine learning, azure, css, docker"
969,Job Title 969,"aws, react, tensorflow, c++, data analysis, sql, azure"
970,Job Title 970,"aws, azure, java, c++, sql, tensorflow"
971,Job Title 971,"tensorflow, azure, sql, data analysis, java"
972,Job Title 972,"azure, git, cloud computing"
973,Job Title 973,"react, css, pytorch, git, fastapi, linux, c++, html"
974,Job Title 974,"tensorflow, aws, python, docker, git, javascript, sql"
975,Job Title 975,"pytorch, git, tensorflow, azure, kubernetes, html, sql"
976,Job Title 976,"react, java, git, docker, fastapi, linux"
977,Job Title 977,"aws, machine learning, kubernetes, docker, git, css, sql, fastapi"
978,Job Title 978,"css, fastapi, pytorch, kubernetes, aws, docker, git"
979,Job Title 979,"html, git, linux, pytorch, kubernetes, sql, aws, fastapi"
980,Job Title 980,"css, docker, react, fastapi, machine learning, tensorflow, kubernetes, javascript"
981,Job Title 981,"react, cloud computing, css, sql, docker, machine learning"
982,Job Title 982,"kubernetes, java, python, tensorflow"
983,Job Title 983,"azure, c++, aws, pytorch, git"
984,Job Title 984,"git, html, cloud computing, data analysis, sql"
985,Job Title 985,"data analysis, html, c++, aws, javascript, tensorflow, sql"
986,Job Title 986,"linux, docker, cloud computing, java, azure, html, sql, pytorch"
987,Job Title 987,"git, react, html, kubernetes, fastapi, c++, tensorflow"
988,Job Title 988,"c++, pytorch, aws, git, css, java, python, data analysis"
989,Job Title 989,"git, aws, fastapi, react, pytorch, java"
990,Job Title 990,"sql, linux, kubernetes, git, tensorflow, javascript, python"
991,Job Title 991,"tensorflow, data analysis, aws, linux, pytorch, react, html"
992,Job Title 992,"docker, linux, kubernetes, html, tensorflow"
993,Job Title 993,"html, react, aws, sql, c++, docker, tensorflow"
994,Job Title 994,"java, fastapi, linux, machine learning, docker"
995,Job Title 995,"react, sql, python, azure, pytorch, tensorflow, git"
996,Job Title 996,"cloud computing, git, linux, data analysis"
997,Job Title 997,"linux, react, data analysis, azure, sql"
998,Job Title 998,"css, data analysis, kubernetes, pytorch, git, azure, aws, docker"
999,Job Title 999,"css, azure, java, sql, linux, git, c++"
1000,Job Title 1000,"fastapi, linux, python"
1001,Job Title 1001,"git, cloud computing, docker"
1002,Job Title 1002,"linux, data analysis, tensorflow, c++, sql"
1003,Job Title 1003,"data analysis, html, kubernetes, machine learning"
1004,Job Title 1004,"java, fastapi, pytorch, sql, tensorflow, cloud computing, kubernetes, linux"
1005,Job Title 1005,"sql, linux, pytorch, css, html"
1006,Job Title 1006,"c++, sql, react, machine learning, data analysis, kubernetes, cloud computing"
1007,Job Title 1007,"cloud computing, git, css"
1008,Job Title 1008,"azure, data analysis, html, git"
1009,Job Title 1009,"react, python, pytorch, git, java, aws, fastapi, tensorflow"
1010,Job Title 1010,"aws, python, tensorflow, cloud computing, git, docker, react"
1011,Job Title 1011,"kubernetes, fastapi, data analysis, pytorch, c++, machine learning, docker, azure"
1012,Job Title 1012,"pytorch, machine learning, python, azure, data analysis"
1013,Job Title 1013,"react, python, cloud computing, c++, html, docker, azure"
1014,Job Title 1014,"machine learning, azure, tensorflow, sql"
1015,Job Title 1015,"kubernetes, linux, react, sql, pytorch, git"
1016,Job Title 1016,"python, kubernetes, linux, aws, data analysis, html, azure"
1017,Job Title 1017,"machine learning, html, c++, kubernetes, java, git, pytorch, tensorflow"
1018,Job Title 1018,"react, git, pytorch, python, azure, cloud computing, tensorflow"
1019,Job Title 1019,"docker, cloud computing, data analysis, react, tensorflow, git"
1020,Job Title 1020,"aws, pytorch, react, css, tensorflow, html, sql"
1021,Job Title 1021,"css, java, html, linux, docker, python, cloud computing"
1022,Job Title 1022,"tensorflow, python, javascript, fastapi, azure, kubernetes"
1023,Job Title 1023,"react, machine learning, java, linux, kubernetes, aws"
1024,Job Title 1024,"c++, java, docker"
1025,Job Title 1025,"javascript, cloud computing, machine learning, tensorflow, html, linux"
1026,Job Title 1026,"java, python, cloud computing, sql, tensorflow, machine learning, javascript"
1027,Job Title 1027,"fastapi, c++, react, sql, kubernetes, linux"
1028,Job Title 1028,"python, pytorch, sql, react, aws, data analysis, kubernetes"
1029,Job Title 1029,"html, cloud computing, docker, python, git, c++, linux, fastapi"
1030,Job Title 1030,"aws, tensorflow, java, react"
1031,Job Title 1031,"python, git, java, css, c++, linux"
1032,Job Title 1032,"react, kubernetes, azure, fastapi, machine learning"
1033,Job Title 1033,"tensorflow, sql, python, azure, linux"
1034,Job Title 1034,"python, cloud computing, pytorch, fastapi, java, react"
1035,Job Title 1035,"sql, c++, linux, java"
1036,Job Title 1036,"linux, machine learning, html, sql, css, cloud computing, java, azure"
1037,Job Title 1037,"css, aws, pytorch, html, machine learning, javascript, c++, linux"
1038,Job Title 1038,"docker, azure, data analysis, linux, css, javascript, git"
1039,Job Title 1039,"data analysis, tensorflow, sql, kubernetes, docker, cloud computing, linux, aws"
1040,Job Title 1040,"pytorch, sql, python"
1041,Job Title 1041,"react, html, docker, fastapi, sql, kubernetes"
1042,Job Title 1042,"fastapi, react, kubernetes, aws, docker, css"
1043,Job Title 1043,"linux, react, aws, c++, java, pytorch"
1044,Job Title 1044,"css, fastapi, java, python, react, kubernetes, javascript"
1045,Job Title 1045,"java, javascript, python, kubernetes, data analysis, css, c++, machine learning"
1046,Job Title 1046,"tensorflow, machine learning, c++, javascript, python"
1047,Job Title 1047,"fastapi, html, c++, aws"
1048,Job Title 1048,"tensorflow, git, javascript, linux, fastapi, c++"
1049,Job Title 1049,"kubernetes, git, cloud computing, javascript, machine learning"
1050,Job Title 1050,"python, tensorflow, git, javascript, react, cloud computing"
1051,Job Title 1051,"c++, aws, html, kubernetes, data analysis, python, docker, tensorflow"
1052,Job Title 1052,"html, css, pytorch, javascript, aws, linux, azure, tensorflow"
1053,Job Title 1053,"react, azure, linux"
1054,Job Title 1054,"pytorch, css, docker"
1055,Job Title 1055,"machine learning, pytorch, cloud computing, java, aws, sql, javascript, fastapi"
1056,Job Title 1056,"azure, javascript, aws, data analysis, java, linux, react"
1057,Job Title 1057,"c++, html, azure, fastapi, java, sql"
1058,Job Title 1058,"html, tensorflow, git, sql, azure"
1059,Job Title 1059,"fastapi, machine learning, java"
1060,Job Title 1060,"cloud computing, tensorflow, azure, git, react, css, java"
1061,Job Title 1061,"cloud computing, java, docker, linux, c++, fastapi, git, sql"
1062,Job Title 1062,"git, azure, linux"
1063,Job Title 1063,"html, tensorflow, data analysis, fastapi, cloud computing, git"
1064,Job Title 1064,"docker, cloud computing, tensorflow, python, pytorch, react, machine learning, html"
1065,Job Title 1065,"html, c++, linux, git, cloud computing"
1066,Job Title 1066,"cloud computing, pytorch, python, tensorflow, css, javascript"
1067,Job Title 1067,"css, fastapi, aws, react, python, azure, data analysis"
1068,Job Title 1068,"tensorflow, machine learning, javascript, aws"
1069,Job Title 1069,"html, docker, css, python, javascript, aws, data analysis, java"
1070,Job Title 1070,"kubernetes, data analysis, javascript, aws, azure, cloud computing"
1071,Job Title 1071,"machine learning, fastapi, cloud computing"
1072,Job Title 1072,"html, tensorflow, css"
1073,Job Title 1073,"fastapi, javascript, c++"
1074,Job Title 1074,"css, kubernetes, html, pytorch, git, machine learning"
1075,Job Title 1075,"html, fastapi, java, data analysis, python, git"
1076,Job Title 1076,"kubernetes, java, sql, data analysis, react"
1077,Job Title 1077,"linux, java, git, docker, data analysis"
1078,Job Title 1078,"c++, machine learning, git, azure, css"
1079,Job Title 1079,"python, data analysis, react, cloud computing, javascript"
1080,Job Title 1080,"html, linux, cloud computing, pytorch, docker, machine learning"
1081,Job Title 1081,"pytorch, azure, linux, java"
1082,Job Title 1082,"fastapi, pytorch, html, data analysis, linux, javascript"
1083,Job Title 1083,"javascript, html, react, sql, cloud computing, python, aws, data analysis"
1084,Job Title 1084,"javascript, pytorch, java, cloud computing, docker, html"
1085,Job Title 1085,"java, c++, azure, css, html, docker, sql, tensorflow"
1086,Job Title 1086,"sql, html, aws, data analysis, pytorch, tensorflow"
1087,Job Title 1087,"machine learning, docker, azure"
1088,Job Title 1088,"azure, linux, machine learning, fastapi, git, java, data analysis, c++"
1089,Job Title 1089,"tensorflow, javascript, react, kubernetes, machine learning, linux, pytorch"
1090,Job Title 1090,"tensorflow, pytorch, machine learning"
1091,Job Title 1091,"linux, git, python, azure"
1092,Job Title 1092,"css, cloud computing, machine learning"
1093,Job Title 1093,"react, azure, sql, fastapi, python, docker, html, javascript"
1094,Job Title 1094,"java, git, html, aws"
1095,Job Title 1095,"git, docker, kubernetes, c++, css, cloud computing, pytorch, aws"
1096,Job Title 1096,"azure, c++, html, sql"
1097,Job Title 1097,"html, javascript, css, git, cloud computing"
1098,Job Title 1098,"css, react, cloud computing, python, aws, linux"
1099,Job Title 1099,"python, java, linux, sql"
1100,Job Title 1100,"docker, kubernetes, c++, aws, java, data analysis, linux, machine learning"
1101,Job Title 1101,"react, sql, data analysis"
1102,Job Title 1102,"aws, react, python, c++, html, javascript"
1103,Job Title 1103,"docker, css, javascript, react"
1104,Job Title 1104,"sql, data analysis, azure, python"
1105,Job Title 1105,"html, git, sql, aws, fastapi, cloud computing, javascript, python"
1106,Job Title 1106,"tensorflow, machine learning, fastapi, javascript, linux, react"
1107,Job Title 1107,"fastapi, aws, machine learning, sql, python, linux, data analysis, c++"
1108,Job Title 1108,"fastapi, machine learning, python, java, azure, react, kubernetes"
1109,Job Title 1109,"kubernetes, tensorflow, cloud computing, css, data analysis, docker"
1110,Job Title 1110,"c++, react, tensorflow, java, pytorch, linux, machine learning, javascript"
1111,Job Title 1111,"python, react, git, machine learning"
1112,Job Title 1112,"cloud computing, tensorflow, c++"
1113,Job Title 1113,"react, linux, java, tensorflow, pytorch"
1114,Job Title 1114,"cloud computing, data analysis, javascript"
1115,Job Title 1115,"data analysis, machine learning, sql, cloud computing, kubernetes, pytorch"
1116,Job Title 1116,"java, html, sql, pytorch, css, javascript, c++, cloud computing"
1117,Job Title 1117,"react, javascript, python, tensorflow, aws, kubernetes, fastapi, css"
1118,Job Title 1118,"pytorch, azure, linux, html, git"
1119,Job Title 1119,"git, data analysis, cloud computing, tensorflow, css, html, azure"
1120,Job Title 1120,"c++, css, tensorflow, data analysis, linux, python, fastapi"
1121,Job Title 1121,"python, css, machine learning"
1122,Job Title 1122,"machine learning, git, css, azure, fastapi, data analysis, javascript"
1123,Job Title 1123,"c++, pytorch, docker"
1124,Job Title 1124,"c++, docker, react"
1125,Job Title 1125,"tensorflow, machine learning, c++, html, pytorch, css, cloud computing"
1126,Job Title 1126,"javascript, git, fastapi, sql, css"
1127,Job Title 1127,"azure, cloud computing, tensorflow, c++, python, java"
1128,Job Title 1128,"css, aws, kubernetes, data analysis, sql, javascript, pytorch"
1129,Job Title 1129,"html, azure, css, git, sql, javascript"
1130,Job Title 1130,"linux, java, fastapi, kubernetes, python, javascript, tensorflow"
1131,Job Title 1131,"cloud computing, data analysis, c++"
1132,Job Title 1132,"docker, react, sql, machine learning, data analysis, c++, pytorch, git"
1133,Job Title 1133,"pytorch, kubernetes, azure, aws, python"
1134,Job Title 1134,"kubernetes, html, python, git, aws, cloud computing, azure, react"
1135,Job Title 1135,"html, c++, aws, git"
1136,Job Title 1136,"c++, linux, react, azure, java, kubernetes"
1137,Job Title 1137,"cloud computing, java, kubernetes, sql, python"
1138,Job Title 1138,"cloud computing, html, react, css, machine learning"
1139,Job Title 1139,"javascript, sql, c++, machine learning, linux, css, java"
1140,Job Title 1140,"kubernetes, javascript, machine learning, java"
1141,Job Title 1141,"data analysis, css, git, kubernetes, tensorflow, c++, docker"
1142,Job Title 1142,"git, react, pytorch"
1143,Job Title 1143,"cloud computing, tensorflow, javascript, css, data analysis, azure, linux, html"
1144,Job Title 1144,"machine learning, git, docker, azure, java, data analysis"
1145,Job Title 1145,"docker, kubernetes, c++, tensorflow"
1146,Job Title 1146,"c++, pytorch, azure"
1147,Job Title 1147,"azure, sql, html"
1148,Job Title 1148,"css, kubernetes, javascript, java, cloud computing, aws, docker"
1149,Job Title 1149,"kubernetes, pytorch, sql, docker, react"
1150,Job Title 1150,"docker, fastapi, sql"
1151,Job Title 1151,"c++, machine learning, azure, react, cloud computing, pytorch"
1152,Job Title 1152,"machine learning, python, cloud computing, java, c++, sql"
1153,Job Title 1153,"docker, aws, machine learning, java, data analysis, python, tensorflow"
1154,Job Title 1154,"react, azure, docker, css, cloud computing, python, html, pytorch"
1155,Job Title 1155,"react, css, docker, javascript, aws"
1156,Job Title 1156,"fastapi, aws, tensorflow, machine learning, react, c++, java"
1157,Job Title 1157,"html, java, tensorflow, azure, css"
1158,Job Title 1158,"cloud computing, tensorflow, react, git"
1159,Job Title 1159,"aws, tensorflow, fastapi, react, machine learning, data analysis, sql, linux"
1160,Job Title 1160,"java, linux, react"
1161,Job Title 1161,"java, fastapi, c++, git, aws, tensorflow, machine learning"
1162,Job Title 1162,"pytorch, css, java"
1163,Job Title 1163,"fastapi, cloud computing, tensorflow, css"
1164,Job Title 1164,"css, data analysis, html, python"
1165,Job Title 1165,"git, java, aws"
1166,Job Title 1166,"aws, data analysis, c++, linux, java, docker, cloud computing"
1167,Job Title 1167,"cloud computing, kubernetes, machine learning, javascript, tensorflow, java, sql, docker"
1168,Job Title 1168,"data analysis, machine learning, javascript, git, fastapi"
1169,Job Title 1169,"tensorflow, html, kubernetes"
1170,Job Title 1170,"html, git, azure, docker, python, css, fastapi"
1171,Job Title 1171,"docker, aws, pytorch, html, react, git, java, machine learning"
1172,Job Title 1172,"pytorch, c++, fastapi"
1173,Job Title 1173,"python, fastapi, c++, react, pytorch, azure, data analysis, html"
1174,Job Title 1174,"pytorch, machine learning, aws, react, python"
1175,Job Title 1175,"c++, tensorflow, machine learning, html, java"
1176,Job Title 1176,"aws, java, react, javascript, machine learning, data analysis"
1177,Job Title 1177,"docker, python, java"
1178,Job Title 1178,"pytorch, git, sql, kubernetes, aws, azure"
1179,Job Title 1179,"data analysis, git, azure, linux, tensorflow"
1180,Job Title 1180,"aws, fastapi, css, azure"
1181,Job Title 1181,"java, machine learning, fastapi"
1182,Job Title 1182,"kubernetes, pytorch, data analysis, fastapi, python, sql"
1183,Job Title 1183,"azure, tensorflow, css"
1184,Job Title 1184,"css, sql, html"
1185,Job Title 1185,"python, docker, tensorflow, react, fastapi, linux, css, javascript"
1186,Job Title 1186,"pytorch, fastapi, css, cloud computing, azure, sql"
1187,Job Title 1187,"c++, docker, pytorch, python, aws, linux"
1188,Job Title 1188,"data analysis, java, react, python, cloud computing, tensorflow, c++, css"
1189,Job Title 1189,"fastapi, docker, javascript, python, tensorflow"
1190,Job Title 1190,"kubernetes, c++, linux"
1191,Job Title 1191,"tensorflow, cloud computing, kubernetes, git, react, sql, fastapi"
1192,Job Title 1192,"cloud computing, docker, machine learning, git, tensorflow"
1193,Job Title 1193,"kubernetes, html, react, sql, data analysis, java"
1194,Job Title 1194,"kubernetes, aws, javascript, tensorflow, fastapi, pytorch, git"
1195,Job Title 1195,"python, machine learning, aws, linux"
1196,Job Title 1196,"html, css, cloud computing, git, javascript, sql"
1197,Job Title 1197,"azure, machine learning, fastapi"
1198,Job Title 1198,"azure, java, pytorch, docker"
1199,Job Title 1199,"tensorflow, azure, html, aws, c++, java, javascript"
1200,Job Title 1200,"azure, tensorflow, machine learning, cloud computing, kubernetes, fastapi"
1201,Job Title 1201,"pytorch, cloud computing, aws, javascript, machine learning, react, fastapi, kubernetes"
1202,Job Title 1202,"git, docker, pytorch, javascript, html, azure, cloud computing, fastapi"
1203,Job Title 1203,"azure, java, docker, git, python, css"
1204,Job Title 1204,"linux, cloud computing, fastapi"
1205,Job Title 1205,"azure, html, cloud computing, data analysis, javascript"
1206,Job Title 1206,"data analysis, linux, docker, html, javascript, cloud computing, java, python"
1207,Job Title 1207,"fastapi, aws, c++, machine learning, linux, react, tensorflow, pytorch"
1208,Job Title 1208,"kubernetes, cloud computing, pytorch, aws"
1209,Job Title 1209,"python, javascript, aws"
1210,Job Title 1210,"python, javascript, html, fastapi, sql, machine learning, react, linux"
1211,Job Title 1211,"react, css, machine learning, azure, aws"
1212,Job Title 1212,"python, java, react, git, azure, c++"
1213,Job Title 1213,"cloud computing, data analysis, docker, linux, python, react"
1214,Job Title 1214,"javascript, git, azure, sql, pytorch, react"
1215,Job Title 1215,"data analysis, python, c++, kubernetes, sql, linux, docker"
1216,Job Title 1216,"data analysis, sql, docker, javascript, tensorflow, python"
1217,Job Title 1217,"linux, react, git"
1218,Job Title 1218,"c++, java, cloud computing, linux, aws, machine learning, javascript"
1219,Job Title 1219,"git, python, cloud computing, machine learning, docker, linux"
1220,Job Title 1220,"pytorch, cloud computing, python, sql, machine learning, tensorflow, docker, react"
1221,Job Title 1221,"python, azure, fastapi, data analysis, html, docker"
1222,Job Title 1222,"javascript, python, sql, data analysis, fastapi, azure, git, react"
1223,Job Title 1223,"pytorch, data analysis, fastapi, azure, linux, cloud computing"
1224,Job Title 1224,"azure, javascript, c++, data analysis, docker, python"
1225,Job Title 1225,"git, tensorflow, docker"
1226,Job Title 1226,"azure, sql, kubernetes"
1227,Job Title 1227,"docker, machine learning, java, git, html, pytorch, css, linux"
1228,Job Title 1228,"html, c++, data analysis, docker, aws, javascript, pytorch"
1229,Job Title 1229,"java, tensorflow, cloud computing, c++, linux, pytorch, react"
1230,Job Title 1230,"html, aws, git, java"
1231,Job Title 1231,"java, cloud computing, azure, python, fastapi, git, c++, linux"
1232,Job Title 1232,"sql, tensorflow, data analysis"
1233,Job Title 1233,"tensorflow, c++, git, azure"
1234,Job Title 1234,"kubernetes, machine learning, linux, git"
1235,Job Title 1235,"css, fastapi, pytorch, data analysis, react"
1236,Job Title 1236,"c++, react, data analysis"
1237,Job Title 1237,"python, machine learning, cloud computing, kubernetes, javascript"
1238,Job Title 1238,"docker, data analysis, azure, c++, css, git, java, linux"
1239,Job Title 1239,"fastapi, git, c++, azure, html, react, python, aws"
1240,Job Title 1240,"cloud computing, linux, data analysis, tensorflow, python"
1241,Job Title 1241,"python, data analysis, git, javascript, machine learning, sql"
1242,Job Title 1242,"kubernetes, javascript, c++, cloud computing, python"
1243,Job Title 1243,"react, linux, javascript, aws, tensorflow"
1244,Job Title 1244,"fastapi, java, kubernetes, css, machine learning, linux, azure, html"
1245,Job Title 1245,"cloud computing, kubernetes, tensorflow, pytorch, docker, aws, react, sql"
1246,Job Title 1246,"sql, cloud computing, kubernetes, azure, git, java, fastapi, tensorflow"
1247,Job Title 1247,"linux, data analysis, docker, sql, javascript, react, azure, python"
1248,Job Title 1248,"cloud computing, azure, sql, react"
1249,Job Title 1249,"azure, sql, c++, linux, pytorch, javascript"
1250,Job Title 1250,"docker, cloud computing, c++, html, react"
1251,Job Title 1251,"kubernetes, machine learning, docker, data analysis, html, python, fastapi, tensorflow"
1252,Job Title 1252,"azure, git, react"
1253,Job Title 1253,"kubernetes, javascript, java, aws"
1254,Job Title 1254,"linux, css, cloud computing, c++, pytorch, html, sql"
1255,Job Title 1255,"docker, react, javascript, sql, python"
1256,Job Title 1256,"react, data analysis, sql, machine learning"
1257,Job Title 1257,"cloud computing, data analysis, java"
1258,Job Title 1258,"fastapi, data analysis, tensorflow, kubernetes, sql, c++, aws"
1259,Job Title 1259,"pytorch, python, linux, css"
1260,Job Title 1260,"react, cloud computing, linux, data analysis"
1261,Job Title 1261,"kubernetes, fastapi, pytorch, azure, html, tensorflow"
1262,Job Title 1262,"aws, azure, linux, react"
1263,Job Title 1263,"docker, pytorch, react, html, data analysis"
1264,Job Title 1264,"pytorch, fastapi, sql, git, java"
1265,Job Title 1265,"pytorch, tensorflow, java, cloud computing, kubernetes, css, docker, linux"
1266,Job Title 1266,"aws, azure, machine learning, javascript, html, java"
1267,Job Title 1267,"tensorflow, c++, kubernetes"
1268,Job Title 1268,"kubernetes, fastapi, linux, css, machine learning"
1269,Job Title 1269,"fastapi, python, cloud computing"
1270,Job Title 1270,"python, azure, java, git, fastapi, cloud computing, docker"
1271,Job Title 1271,"python, react, kubernetes, tensorflow, data analysis, java"
1272,Job Title 1272,"aws, git, data analysis, python"
1273,Job Title 1273,"c++, javascript, aws"
1274,Job Title 1274,"git, sql, pytorch, aws, html"
1275,Job Title 1275,"git, aws, java"
1276,Job Title 1276,"html, fastapi, linux"
1277,Job Title 1277,"css, html, sql, aws, linux"
1278,Job Title 1278,"machine learning, java, kubernetes, cloud computing, azure, python, docker"
1279,Job Title 1279,"react, html, data analysis, kubernetes, java, linux, fastapi, aws"
1280,Job Title 1280,"css, aws, react, linux, machine learning"
1281,Job Title 1281,"git, react, python"
1282,Job Title 1282,"tensorflow, java, azure, react, sql"
1283,Job Title 1283,"react, docker, java, fastapi, python, kubernetes"
1284,Job Title 1284,"azure, tensorflow, cloud computing, html"
1285,Job Title 1285,"html, python, css, aws"
1286,Job Title 1286,"pytorch, data analysis, c++, machine learning, linux, cloud computing, html, tensorflow"
1287,Job Title 1287,"c++, css, cloud computing, git, machine learning, fastapi"
1288,Job Title 1288,"kubernetes, c++, docker, python"
1289,Job Title 1289,"git, kubernetes, aws, tensorflow, azure"
1290,Job Title 1290,"javascript, css, java, kubernetes, cloud computing, data analysis, fastapi"
1291,Job Title 1291,"fastapi, pytorch, html, javascript, tensorflow"
1292,Job Title 1292,"cloud computing, c++, tensorflow, kubernetes, html, css"
1293,Job Title 1293,"c++, python, cloud computing, aws, javascript"
1294,Job Title 1294,"css, linux, c++, sql"
1295,Job Title 1295,"css, linux, pytorch, html"
1296,Job Title 1296,"cloud computing, data analysis, c++, html, azure, pytorch, fastapi, javascript"
1297,Job Title 1297,"data analysis, kubernetes, pytorch, html, docker, python, git"
1298,Job Title 1298,"react, git, sql, c++, azure, tensorflow, docker, kubernetes"
1299,Job Title 1299,"react, aws, css, kubernetes, tensorflow, linux"
1300,Job Title 1300,"kubernetes, cloud computing, react, data analysis"
1301,Job Title 1301,"linux, java, azure, python, docker, aws, machine learning, pytorch"
1302,Job Title 1302,"javascript, fastapi, css, sql, tensorflow, python, c++"
1303,Job Title 1303,"linux, git, html, cloud computing, java, tensorflow, docker"
1304,Job Title 1304,"pytorch, data analysis, python, kubernetes, linux"
1305,Job Title 1305,"cloud computing, html, react, azure, javascript"
1306,Job Title 1306,"linux, git, sql, cloud computing, fastapi, javascript, data analysis, tensorflow"
1307,Job Title 1307,"kubernetes, python, data analysis, tensorflow, java"
1308,Job Title 1308,"data analysis, css, java"
1309,Job Title 1309,"fastapi, javascript, docker, cloud computing, html, tensorflow, python, azure"
1310,Job Title 1310,"azure, machine learning, css, pytorch, data analysis, javascript"
1311,Job Title 1311,"docker, git, react, javascript, fastapi"
1312,Job Title 1312,"react, docker, fastapi"
1313,Job Title 1313,"pytorch, git, javascript"
1314,Job Title 1314,"javascript, react, html, docker, data analysis"
1315,Job Title 1315,"python, html, c++, docker, sql"
1316,Job Title 1316,"linux, kubernetes, react"
1317,Job Title 1317,"cloud computing, pytorch, fastapi, tensorflow, javascript"
1318,Job Title 1318,"javascript, kubernetes, git"
1319,Job Title 1319,"fastapi, aws, tensorflow, html, machine learning, python, kubernetes"
1320,Job Title 1320,"css, linux, azure"
1321,Job Title 1321,"html, java, data analysis, fastapi, aws, machine learning"
1322,Job Title 1322,"tensorflow, pytorch, linux, docker, fastapi, react"
1323,Job Title 1323,"aws, linux, sql, cloud computing, docker, kubernetes, css"
1324,Job Title 1324,"machine learning, git, css, c++, linux, docker, tensorflow, python"
1325,Job Title 1325,"html, fastapi, pytorch, aws, react, javascript, azure, docker"
1326,Job Title 1326,"data analysis, html, c++, tensorflow, pytorch, machine learning, git"
1327,Job Title 1327,"html, azure, linux, c++, tensorflow, machine learning, data analysis"
1328,Job Title 1328,"python, kubernetes, java, machine learning, aws, fastapi, cloud computing, tensorflow"
1329,Job Title 1329,"data analysis, tensorflow, pytorch"
1330,Job Title 1330,"machine learning, cloud computing, java, html"
1331,Job Title 1331,"azure, javascript, java, pytorch, css, machine learning, tensorflow"
1332,Job Title 1332,"react, docker, java, tensorflow, git, html"
1333,Job Title 1333,"css, linux, kubernetes, pytorch, data analysis"
1334,Job Title 1334,"machine learning, docker, linux, html"
1335,Job Title 1335,"pytorch, html, cloud computing, css"
1336,Job Title 1336,"html, java, kubernetes, machine learning, sql"
1337,Job Title 1337,"react, azure, pytorch, html, aws, docker, tensorflow"
1338,Job Title 1338,"python, sql, cloud computing, git"
1339,Job Title 1339,"linux, machine learning, cloud computing, git, aws, sql, tensorflow, python"
1340,Job Title 1340,"linux, docker, html, aws, machine learning"
1341,Job Title 1341,"tensorflow, css, aws"
1342,Job Title 1342,"kubernetes, data analysis, fastapi, react"
1343,Job Title 1343,"react, c++, fastapi, tensorflow, git, linux, javascript, python"
1344,Job Title 1344,"kubernetes, react, pytorch, css, python, javascript, html, c++"
1345,Job Title 1345,"machine learning, javascript, data analysis, pytorch, sql, tensorflow"
1346,Job Title 1346,"kubernetes, docker, data analysis"
1347,Job Title 1347,"git, kubernetes, css, tensorflow, aws"
1348,Job Title 1348,"fastapi, sql, pytorch, css, java"
1349,Job Title 1349,"linux, java, docker, css, kubernetes, data analysis"
1350,Job Title 1350,"java, data analysis, python, css, cloud computing"
1351,Job Title 1351,"fastapi, html, css, linux, docker, azure"
1352,Job Title 1352,"tensorflow, javascript, kubernetes"
1353,Job Title 1353,"react, linux, c++, pytorch"
1354,Job Title 1354,"html, git, fastapi, react, cloud computing, c++, aws"
1355,Job Title 1355,"docker, fastapi, git"
1356,Job Title 1356,"machine learning, pytorch, azure, python, tensorflow, docker, sql, data analysis"
1357,Job Title 1357,"python, javascript, tensorflow, html, sql, java, css"
1358,Job Title 1358,"linux, data analysis, sql, pytorch, css, fastapi, python"
1359,Job Title 1359,"fastapi, java, aws, docker, azure"
1360,Job Title 1360,"linux, tensorflow, java, sql, azure, fastapi, docker, kubernetes"
1361,Job Title 1361,"sql, linux, javascript, data analysis, machine learning, css, react"
1362,Job Title 1362,"sql, react, fastapi, linux, git, kubernetes, azure, java"
1363,Job Title 1363,"java, linux, cloud computing"
1364,Job Title 1364,"cloud computing, python, react, c++, data analysis"
1365,Job Title 1365,"cloud computing, java, machine learning, azure, fastapi, c++, git"
1366,Job Title 1366,"aws, machine learning, java, cloud computing"
1367,Job Title 1367,"aws, fastapi, cloud computing, tensorflow, data analysis, sql, c++, kubernetes"
1368,Job Title 1368,"tensorflow, kubernetes, git, c++"
1369,Job Title 1369,"git, c++, cloud computing, javascript, fastapi, tensorflow"
1370,Job Title 1370,"cloud computing, html, sql, python"
1371,Job Title 1371,"pytorch, sql, c++, azure, data analysis, fastapi, javascript, html"
1372,Job Title 1372,"c++, fastapi, html, sql, git, data analysis, cloud computing"
1373,Job Title 1373,"data analysis, html, git, machine learning"
1374,Job Title 1374,"c++, sql, react, docker, javascript, machine learning"
1375,Job Title 1375,"azure, tensorflow, fastapi, docker, c++, css"
1376,Job Title 1376,"pytorch, cloud computing, react"
1377,Job Title 1377,"c++, react, python, machine learning, fastapi, sql, tensorflow"
1378,Job Title 1378,"kubernetes, data analysis, css"
1379,Job Title 1379,"sql, java, linux, javascript, cloud computing, css, python"
1380,Job Title 1380,"machine learning, python, aws, cloud computing, data analysis"
1381,Job Title 1381,"aws, python, c++, linux"
1382,Job Title 1382,"docker, fastapi, java"
1383,Job Title 1383,"azure, java, fastapi, sql, data analysis, css, c++"
1384,Job Title 1384,"javascript, kubernetes, data analysis, css"
1385,Job Title 1385,"git, kubernetes, data analysis, tensorflow, css"
1386,Job Title 1386,"machine learning, html, javascript"
1387,Job Title 1387,"azure, javascript, python, c++, cloud computing, html, aws, tensorflow"
1388,Job Title 1388,"c++, java, javascript, git, kubernetes, react"
1389,Job Title 1389,"python, sql, c++, cloud computing, css"
1390,Job Title 1390,"tensorflow, javascript, java"
1391,Job Title 1391,"c++, cloud computing, azure, tensorflow, python, pytorch, java, data analysis"
1392,Job Title 1392,"pytorch, sql, kubernetes, java"
1393,Job Title 1393,"docker, html, git, machine learning, react, kubernetes, javascript"
1394,Job Title 1394,"c++, css, html"
1395,Job Title 1395,"tensorflow, css, python, machine learning, react, java, kubernetes"
1396,Job Title 1396,"data analysis, azure, javascript, kubernetes, pytorch, sql, machine learning, docker"
1397,Job Title 1397,"aws, css, linux, html, kubernetes, machine learning, docker, fastapi"
1398,Job Title 1398,"javascript, cloud computing, react, aws, html, machine learning, java"
1399,Job Title 1399,"data analysis, azure, docker, html"
1400,Job Title 1400,"c++, cloud computing, css, linux, azure, machine learning, sql, tensorflow"
1401,Job Title 1401,"data analysis, html, tensorflow"
1402,Job Title 1402,"sql, pytorch, linux"
1403,Job Title 1403,"cloud computing, kubernetes, c++, tensorflow, javascript"
1404,Job Title 1404,"pytorch, sql, cloud computing, java"
1405,Job Title 1405,"data analysis, java, react, pytorch, javascript, c++"
1406,Job Title 1406,"machine learning, cloud computing, c++"
1407,Job Title 1407,"linux, docker, java, data analysis"
1408,Job Title 1408,"c++, azure, machine learning, linux"
1409,Job Title 1409,"fastapi, css, java, azure, aws, machine learning, javascript"
1410,Job Title 1410,"cloud computing, css, sql"
1411,Job Title 1411,"aws, fastapi, css, azure, linux"
1412,Job Title 1412,"javascript, linux, tensorflow, c++, java, machine learning"
1413,Job Title 1413,"azure, html, pytorch, java, aws, sql, c++"
1414,Job Title 1414,"kubernetes, fastapi, javascript, java"
1415,Job Title 1415,"aws, java, machine learning, c++, docker, python"
1416,Job Title 1416,"azure, linux, cloud computing"
1417,Job Title 1417,"sql, java, kubernetes"
1418,Job Title 1418,"linux, pytorch, c++, fastapi, css, data analysis, react"
1419,Job Title 1419,"c++, aws, data analysis, react, fastapi, git, cloud computing, linux"
1420,Job Title 1420,"kubernetes, javascript, c++, python, java, data analysis, css"
1421,Job Title 1421,"c++, machine learning, python, css, linux, pytorch, sql"
1422,Job Title 1422,"c++, react, linux, html, python, machine learning, pytorch, tensorflow"
1423,Job Title 1423,"machine learning, linux, git, java, react, html, sql"
1424,Job Title 1424,"cloud computing, fastapi, c++"
1425,Job Title 1425,"machine learning, react, c++, html, linux, azure"
1426,Job Title 1426,"git, linux, sql, kubernetes, machine learning"
1427,Job Title 1427,"css, data analysis, aws, tensorflow, cloud computing"
1428,Job Title 1428,"fastapi, tensorflow, kubernetes, c++, css, aws, html, linux"
1429,Job Title 1429,"data analysis, aws, fastapi, tensorflow, sql"
1430,Job Title 1430,"javascript, react, linux, java, python"
1431,Job Title 1431,"tensorflow, git, c++, data analysis, aws, cloud computing, react"
1432,Job Title 1432,"sql, css, pytorch"
1433,Job Title 1433,"kubernetes, pytorch, git, css, machine learning, sql, fastapi, react"
1434,Job Title 1434,"azure, docker, java, react, javascript, sql"
1435,Job Title 1435,"c++, tensorflow, git, pytorch, java, javascript"
1436,Job Title 1436,"azure, docker, javascript, fastapi, html, tensorflow"
1437,Job Title 1437,"machine learning, html, sql"
1438,Job Title 1438,"fastapi, c++, aws, cloud computing, css, javascript, kubernetes"
1439,Job Title 1439,"html, javascript, kubernetes, css, c++, azure"
1440,Job Title 1440,"azure, sql, java, git, python, html, react"
1441,Job Title 1441,"tensorflow, machine learning, sql, c++, react, aws, docker, linux"
1442,Job Title 1442,"docker, git, react, css, tensorflow"
1443,Job Title 1443,"tensorflow, aws, java, docker"
1444,Job Title 1444,"fastapi, tensorflow, docker, machine learning"
1445,Job Title 1445,"kubernetes, machine learning, docker, linux, c++, aws, pytorch, cloud computing"
1446,Job Title 1446,"kubernetes, css, react, docker, git, html, linux, fastapi"
1447,Job Title 1447,"javascript, cloud computing, python"
1448,Job Title 1448,"docker, aws, pytorch, html, sql, python, machine learning, git"
1449,Job Title 1449,"data analysis, docker, azure, git"
1450,Job Title 1450,"java, kubernetes, c++, git"
1451,Job Title 1451,"sql, javascript, python, aws"
1452,Job Title 1452,"tensorflow, pytorch, kubernetes, docker"
1453,Job Title 1453,"git, python, machine learning, docker, azure, css, pytorch"
1454,Job Title 1454,"linux, java, html, c++, docker, aws"
1455,Job Title 1455,"tensorflow, linux, java"
1456,Job Title 1456,"cloud computing, javascript, pytorch, git, python, azure, linux"
1457,Job Title 1457,"machine learning, fastapi, java, cloud computing"
1458,Job Title 1458,"java, react, azure"
1459,Job Title 1459,"c++, kubernetes, sql, data analysis, aws, python, fastapi"
1460,Job Title 1460,"data analysis, pytorch, java, tensorflow, html, c++, fastapi, aws"
1461,Job Title 1461,"fastapi, aws, machine learning, azure"
1462,Job Title 1462,"kubernetes, pytorch, python, tensorflow, azure, css, docker, html"
1463,Job Title 1463,"html, kubernetes, cloud computing, data analysis, sql, python, pytorch"
1464,Job Title 1464,"aws, javascript, java, css, fastapi, python"
1465,Job Title 1465,"tensorflow, c++, python, sql, java, css"
1466,Job Title 1466,"linux, python, sql, html, docker, java, data analysis"
1467,Job Title 1467,"linux, c++, tensorflow, javascript, data analysis, machine learning, kubernetes"
1468,Job Title 1468,"fastapi, data analysis, python"
1469,Job Title 1469,"azure, html, data analysis, python, docker, cloud computing, kubernetes"
1470,Job Title 1470,"pytorch, data analysis, python, tensorflow, fastapi, machine learning"
1471,Job Title 1471,"cloud computing, pytorch, kubernetes, html, css"
1472,Job Title 1472,"git, aws, c++, azure, data analysis, sql, java, html"
1473,Job Title 1473,"cloud computing, docker, java, html"
1474,Job Title 1474,"javascript, aws, data analysis, azure, react, cloud computing"
1475,Job Title 1475,"data analysis, react, docker, kubernetes, aws"
1476,Job Title 1476,"sql, docker, css, cloud computing, git, react"
1477,Job Title 1477,"azure, kubernetes, javascript, cloud computing"
1478,Job Title 1478,"python, c++, docker, javascript, cloud computing, react, azure, pytorch"
1479,Job Title 1479,"c++, git, sql, react, css, data analysis, cloud computing, linux"
1480,Job Title 1480,"aws, fastapi, docker"
1481,Job Title 1481,"fastapi, pytorch, git, java, docker"
1482,Job Title 1482,"aws, fastapi, tensorflow, cloud computing"
1483,Job Title 1483,"fastapi, tensorflow, aws, sql, css"
1484,Job Title 1484,"c++, html, pytorch, git, aws, docker"
1485,Job Title 1485,"data analysis, azure, linux, aws"
1486,Job Title 1486,"c++, tensorflow, kubernetes, cloud computing"
1487,Job Title 1487,"pytorch, linux, html"
1488,Job Title 1488,"cloud computing, kubernetes, aws"
1489,Job Title 1489,"linux, python, javascript, data analysis"
1490,Job Title 1490,"sql, pytorch, docker"
1491,Job Title 1491,"fastapi, aws, c++, python, kubernetes, html, sql, pytorch"
1492,Job Title 1492,"azure, sql, machine learning"
1493,Job Title 1493,"javascript, cloud computing, tensorflow, git"
1494,Job Title 1494,"pytorch, sql, python, html, machine learning, kubernetes, css, aws"
1495,Job Title 1495,"git, aws, data analysis, tensorflow, python"
1496,Job Title 1496,"java, javascript, data analysis, html, azure"
1497,Job Title 1497,"git, python, pytorch, fastapi, java, kubernetes, sql, cloud computing"
1498,Job Title 1498,"css, html, kubernetes, data analysis"
1499,Job Title 1499,"java, cloud computing, html, sql, kubernetes"
1500,Job Title 1500,"aws, machine learning, data analysis, c++, git, fastapi, tensorflow"
1501,Job Title 1501,"docker, html, javascript, data analysis, fastapi, machine learning, c++, aws"
1502,Job Title 1502,"aws, linux, data analysis, machine learning, java, python"
1503,Job Title 1503,"azure, html, react, aws, machine learning"
1504,Job Title 1504,"python, javascript, azure, kubernetes, machine learning"
1505,Job Title 1505,"azure, git, aws, sql, linux, fastapi"
1506,Job Title 1506,"fastapi, cloud computing, java, tensorflow, react, aws"
1507,Job Title 1507,"html, git, tensorflow"
1508,Job Title 1508,"java, python, html, tensorflow"
1509,Job Title 1509,"data analysis, javascript, docker, git, c++, python"
1510,Job Title 1510,"linux, java, javascript, git, kubernetes"
1511,Job Title 1511,"fastapi, tensorflow, data analysis, docker, html, css, kubernetes, javascript"
1512,Job Title 1512,"machine learning, data analysis, html"
1513,Job Title 1513,"html, fastapi, machine learning, java, pytorch, tensorflow"
1514,Job Title 1514,"python, javascript, tensorflow, pytorch, data analysis, docker, html"
1515,Job Title 1515,"css, azure, javascript, sql"
1516,Job Title 1516,"git, cloud computing, python, pytorch"
1517,Job Title 1517,"azure, c++, javascript, react, docker, aws, linux"
1518,Job Title 1518,"html, css, cloud computing"
1519,Job Title 1519,"git, tensorflow, pytorch"
1520,Job Title 1520,"fastapi, html, linux, git, azure, pytorch"
1521,Job Title 1521,"linux, javascript, git, java, azure, docker"
1522,Job Title 1522,"css, git, docker, cloud computing, linux, azure"
1523,Job Title 1523,"python, azure, tensorflow, react, kubernetes, html, cloud computing, data analysis"
1524,Job Title 1524,"tensorflow, git, sql, react, pytorch"
1525,Job Title 1525,"sql, c++, html, git"
1526,Job Title 1526,"c++, sql, git, react"
1527,Job Title 1527,"git, pytorch, cloud computing, data analysis, css, javascript, python, html"
1528,Job Title 1528,"java, kubernetes, python, machine learning, aws"
1529,Job Title 1529,"docker, azure, pytorch"
1530,Job Title 1530,"kubernetes, aws, c++, git, javascript"
1531,Job Title 1531,"git, data analysis, cloud computing, javascript, aws, kubernetes, react, fastapi"
1532,Job Title 1532,"java, tensorflow, react, kubernetes, git, data analysis, aws"
1533,Job Title 1533,"react, linux, data analysis, javascript"
1534,Job Title 1534,"python, cloud computing, tensorflow, aws, data analysis, java, react"
1535,Job Title 1535,"machine learning, html, kubernetes, git, python, react"
1536,Job Title 1536,"git, java, javascript, cloud computing, azure, linux"
1537,Job Title 1537,"javascript, git, azure, html, linux"
1538,Job Title 1538,"java, kubernetes, css, linux, docker, python"
1539,Job Title 1539,"css, fastapi, linux, javascript"
1540,Job Title 1540,"python, kubernetes, tensorflow, c++"
1541,Job Title 1541,"pytorch, data analysis, docker, java"
1542,Job Title 1542,"cloud computing, sql, c++, kubernetes, python"
1543,Job Title 1543,"data analysis, css, sql, python"
1544,Job Title 1544,"azure, git, java, tensorflow, pytorch"
1545,Job Title 1545,"git, azure, pytorch, javascript, c++, sql"
1546,Job Title 1546,"pytorch, kubernetes, aws, c++, java, git"
1547,Job Title 1547,"css, machine learning, linux"
1548,Job Title 1548,"css, python, tensorflow, docker, java, aws"
1549,Job Title 1549,"java, html, python, aws, cloud computing, data analysis"
1550,Job Title 1550,"css, docker, linux, azure, aws, data analysis, java, html"
1551,Job Title 1551,"aws, docker, azure, sql"
1552,Job Title 1552,"docker, tensorflow, sql, machine learning, pytorch, cloud computing, kubernetes"
1553,Job Title 1553,"fastapi, javascript, sql, docker, machine learning, css"
1554,Job Title 1554,"git, pytorch, linux, data analysis"
1555,Job Title 1555,"azure, css, git, docker, javascript, data analysis, html, sql"
1556,Job Title 1556,"java, git, cloud computing, docker, azure, python"
1557,Job Title 1557,"css, javascript, tensorflow"
1558,Job Title 1558,"machine learning, git, css"
1559,Job Title 1559,"aws, java, data analysis, kubernetes, fastapi, react, tensorflow, machine learning"
1560,Job Title 1560,"docker, react, data analysis"
1561,Job Title 1561,"fastapi, sql, react, tensorflow, javascript, pytorch, c++"
1562,Job Title 1562,"sql, react, python, html"
1563,Job Title 1563,"c++, java, docker, data analysis, sql, linux"
1564,Job Title 1564,"javascript, aws, data analysis, css"
1565,Job Title 1565,"pytorch, c++, azure, machine learning"
1566,Job Title 1566,"tensorflow, sql, python, aws, javascript"
1567,Job Title 1567,"machine learning, cloud computing, data analysis"
1568,Job Title 1568,"sql, machine learning, html, python, react, aws, docker, javascript"
1569,Job Title 1569,"aws, c++, tensorflow, javascript, pytorch, html, machine learning"
1570,Job Title 1570,"fastapi, git, c++, kubernetes, cloud computing, azure, tensorflow"
1571,Job Title 1571,"azure, python, javascript, docker, kubernetes"
1572,Job Title 1572,"azure, linux, pytorch"
1573,Job Title 1573,"docker, fastapi, javascript, css"
1574,Job Title 1574,"pytorch, docker, git, tensorflow"
1575,Job Title 1575,"python, java, data analysis"
1576,Job Title 1576,"css, data analysis, java, c++, azure, cloud computing, linux"
1577,Job Title 1577,"css, cloud computing, java, javascript, azure"
1578,Job Title 1578,"fastapi, docker, python, c++"
1579,Job Title 1579,"kubernetes, c++, machine learning, html"
1580,Job Title 1580,"c++, aws, java, azure, react, cloud computing, javascript, linux"
1581,Job Title 1581,"docker, linux, python, kubernetes, fastapi, css, azure, git"
1582,Job Title 1582,"javascript, data analysis, git, linux"
1583,Job Title 1583,"git, pytorch, html, c++, sql, aws, cloud computing"
1584,Job Title 1584,"sql, kubernetes, python, css, machine learning"
1585,Job Title 1585,"data analysis, react, c++, python, java, cloud computing, html, linux"
1586,Job Title 1586,"react, cloud computing, git, docker, linux, pytorch, azure"
1587,Job Title 1587,"data analysis, sql, python, javascript"
1588,Job Title 1588,"css, cloud computing, kubernetes, machine learning"
1589,Job Title 1589,"pytorch, azure, aws, javascript, git, kubernetes"
1590,Job Title 1590,"aws, docker, azure, c++, cloud computing, java, html"
1591,Job Title 1591,"fastapi, docker, sql, data analysis, azure"
1592,Job Title 1592,"react, docker, html, sql"
1593,Job Title 1593,"sql, react, aws, html, git, docker"
1594,Job Title 1594,"sql, linux, aws, cloud computing, docker, c++"
1595,Job Title 1595,"linux, fastapi, pytorch"
1596,Job Title 1596,"azure, docker, pytorch, css, fastapi, react, git, java"
1597,Job Title 1597,"c++, fastapi, linux"
1598,Job Title 1598,"git, azure, kubernetes"
1599,Job Title 1599,"c++, aws, java"
1600,Job Title 1600,"kubernetes, tensorflow, javascript"
1601,Job Title 1601,"pytorch, html, git, react, cloud computing, sql, c++"
1602,Job Title 1602,"tensorflow, azure, java, git, kubernetes, css"
1603,Job Title 1603,"python, data analysis, azure"
1604,Job Title 1604,"css, html, kubernetes, docker, sql"
1605,Job Title 1605,"cloud computing, git, javascript"
1606,Job Title 1606,"python, java, azure, data analysis, docker, sql, html"
1607,Job Title 1607,"fastapi, data analysis, cloud computing, linux, machine learning, react, html, git"
1608,Job Title 1608,"html, tensorflow, git, sql, fastapi"
1609,Job Title 1609,"data analysis, kubernetes, git, azure, react"
1610,Job Title 1610,"javascript, html, data analysis, docker"
1611,Job Title 1611,"aws, git, fastapi, linux"
1612,Job Title 1612,"data analysis, aws, docker, machine learning, python, fastapi, tensorflow"
1613,Job Title 1613,"cloud computing, git, react"
1614,Job Title 1614,"c++, java, data analysis, css, kubernetes, fastapi, machine learning, azure"
1615,Job Title 1615,"javascript, react, docker, machine learning"
1616,Job Title 1616,"kubernetes, sql, docker"
1617,Job Title 1617,"java, docker, javascript"
1618,Job Title 1618,"css, react, linux, pytorch, html, git, sql"
1619,Job Title 1619,"css, machine learning, pytorch, fastapi, react, java, git, docker"
1620,Job Title 1620,"pytorch, machine learning, python, c++, data analysis, kubernetes, html, sql"
1621,Job Title 1621,"sql, react, data analysis, machine learning"
1622,Job Title 1622,"linux, azure, fastapi, pytorch, javascript"
1623,Job Title 1623,"c++, tensorflow, aws, react"
1624,Job Title 1624,"sql, cloud computing, css, pytorch, tensorflow, javascript, c++, react"
1625,Job Title 1625,"linux, machine learning, python, css, c++"
1626,Job Title 1626,"cloud computing, pytorch, linux, aws"
1627,Job Title 1627,"machine learning, fastapi, c++, html, docker, data analysis, java, linux"
1628,Job Title 1628,"react, javascript, cloud computing, linux"
1629,Job Title 1629,"linux, machine learning, kubernetes, git, css, fastapi, react, c++"
1630,Job Title 1630,"cloud computing, python, java, sql, css"
1631,Job Title 1631,"machine learning, python, javascript, react, css, data analysis, sql"
1632,Job Title 1632,"python, data analysis, cloud computing, git"
1633,Job Title 1633,"tensorflow, sql, machine learning, css, pytorch, c++, git, linux"
1634,Job Title 1634,"azure, aws, kubernetes"
1635,Job Title 1635,"python, data analysis, git, aws"
1636,Job Title 1636,"react, css, azure, c++, java, html, kubernetes"
1637,Job Title 1637,"python, docker, sql, data analysis, fastapi"
1638,Job Title 1638,"fastapi, kubernetes, react, git, python, linux, css"
1639,Job Title 1639,"git, pytorch, azure, data analysis, html"
1640,Job Title 1640,"c++, docker, azure, html, aws"
1641,Job Title 1641,"fastapi, linux, css, react, data analysis, machine learning, javascript"
1642,Job Title 1642,"git, docker, fastapi, azure, sql"
1643,Job Title 1643,"html, pytorch, azure, machine learning, docker, data analysis, python, tensorflow"
1644,Job Title 1644,"python, data analysis, html, java, javascript, tensorflow, machine learning, linux"
1645,Job Title 1645,"tensorflow, linux, data analysis, html, python, c++, pytorch"
1646,Job Title 1646,"python, linux, aws, react, javascript, sql, git"
1647,Job Title 1647,"tensorflow, html, java"
1648,Job Title 1648,"data analysis, c++, fastapi, tensorflow"
1649,Job Title 1649,"docker, aws, sql, fastapi, c++, html, kubernetes, java"
1650,Job Title 1650,"tensorflow, python, docker, azure, css, sql, c++, javascript"
1651,Job Title 1651,"c++, kubernetes, machine learning, java"
1652,Job Title 1652,"react, javascript, aws, kubernetes, pytorch"
1653,Job Title 1653,"react, kubernetes, machine learning, fastapi, aws, html, git"
1654,Job Title 1654,"java, sql, css, tensorflow, data analysis, python"
1655,Job Title 1655,"machine learning, css, kubernetes, html, azure, data analysis, linux, java"
1656,Job Title 1656,"linux, aws, css, data analysis, machine learning, html"
1657,Job Title 1657,"machine learning, react, pytorch"
1658,Job Title 1658,"pytorch, java, kubernetes, tensorflow, css, sql, c++, aws"
1659,Job Title 1659,"css, tensorflow, javascript"
1660,Job Title 1660,"git, aws, react"
1661,Job Title 1661,"data analysis, git, kubernetes, html, sql, docker"
1662,Job Title 1662,"git, c++, java, css"
1663,Job Title 1663,"linux, css, c++, tensorflow, html, machine learning"
1664,Job Title 1664,"c++, react, pytorch"
1665,Job Title 1665,"kubernetes, html, azure, tensorflow, linux"
1666,Job Title 1666,"tensorflow, fastapi, machine learning, kubernetes, c++"
1667,Job Title 1667,"cloud computing, machine learning, css"
1668,Job Title 1668,"c++, docker, sql, azure, cloud computing"
1669,Job Title 1669,"css, pytorch, data analysis, linux, html"
1670,Job Title 1670,"css, c++, fastapi, tensorflow, docker, react"
1671,Job Title 1671,"html, fastapi, aws, kubernetes, java"
1672,Job Title 1672,"cloud computing, machine learning, aws, pytorch, react, sql"
1673,Job Title 1673,"data analysis, python, c++, fastapi, pytorch"
1674,Job Title 1674,"sql, kubernetes, pytorch, java"
1675,Job Title 1675,"git, html, pytorch, react, javascript, docker, python, aws"
1676,Job Title 1676,"aws, git, machine learning, kubernetes, fastapi, javascript, linux"
1677,Job Title 1677,"html, data analysis, azure, pytorch"
1678,Job Title 1678,"git, azure, css, machine learning, html, python, fastapi, aws"
1679,Job Title 1679,"html, git, c++"
1680,Job Title 1680,"css, react, javascript"
1681,Job Title 1681,"java, aws, git, data analysis, linux"
1682,Job Title 1682,"kubernetes, html, linux, java, azure, data analysis, aws"
1683,Job Title 1683,"react, docker, cloud computing, pytorch, linux"
1684,Job Title 1684,"aws, java, tensorflow, linux, javascript, kubernetes, fastapi, docker"
1685,Job Title 1685,"tensorflow, python, aws, fastapi, azure, docker, linux, c++"
1686,Job Title 1686,"python, fastapi, c++, docker, javascript, tensorflow, git, html"
1687,Job Title 1687,"java, docker, fastapi, sql, kubernetes, python"
1688,Job Title 1688,"javascript, css, html, data analysis, kubernetes, react"
1689,Job Title 1689,"git, docker, java, azure, fastapi, machine learning, aws, pytorch"
1690,Job Title 1690,"git, docker, machine learning, fastapi, sql, pytorch"
1691,Job Title 1691,"css, fastapi, aws, javascript, pytorch"
1692,Job Title 1692,"kubernetes, sql, azure, javascript"
1693,Job Title 1693,"python, kubernetes, aws, html, git"
1694,Job Title 1694,"tensorflow, fastapi, react, java"
1695,Job Title 1695,"pytorch, fastapi, kubernetes, react, machine learning, sql"
1696,Job Title 1696,"tensorflow, linux, kubernetes, fastapi, css, python"
1697,Job Title 1697,"python, aws, machine learning"
1698,Job Title 1698,"python, machine learning, aws, git, react, tensorflow"
1699,Job Title 1699,"linux, azure, data analysis, html, tensorflow, sql"
1700,Job Title 1700,"react, cloud computing, tensorflow, machine learning, linux, kubernetes, javascript, fastapi"
1701,Job Title 1701,"react, pytorch, html, aws"
1702,Job Title 1702,"pytorch, aws, git, python, kubernetes, fastapi"
1703,Job Title 1703,"pytorch, kubernetes, data analysis, fastapi, java, sql"
1704,Job Title 1704,"fastapi, html, sql"
1705,Job Title 1705,"c++, azure, html, java"
1706,Job Title 1706,"pytorch, git, azure, cloud computing, css"
1707,Job Title 1707,"c++, git, tensorflow, azure, linux, css"
1708,Job Title 1708,"javascript, linux, data analysis, kubernetes, tensorflow"
1709,Job Title 1709,"git, pytorch, sql, azure, kubernetes, data analysis"
1710,Job Title 1710,"tensorflow, sql, git, pytorch, data analysis"
1711,Job Title 1711,"docker, fastapi, java, pytorch"
1712,Job Title 1712,"aws, java, data analysis"
1713,Job Title 1713,"kubernetes, sql, javascript, aws, fastapi, c++, html, css"
1714,Job Title 1714,"sql, git, cloud computing, tensorflow, kubernetes, aws, linux"
1715,Job Title 1715,"machine learning, sql, html"
1716,Job Title 1716,"html, linux, javascript, fastapi, css"
1717,Job Title 1717,"tensorflow, java, python, docker"
1718,Job Title 1718,"cloud computing, git, css, linux, c++, azure, html"
1719,Job Title 1719,"java, cloud computing, linux, python"
1720,Job Title 1720,"azure, fastapi, data analysis, aws, cloud computing, machine learning, docker, react"
1721,Job Title 1721,"git, c++, react, data analysis"
1722,Job Title 1722,"css, cloud computing, fastapi, docker, python"
1723,Job Title 1723,"java, pytorch, data analysis, linux, sql, python, c++"
1724,Job Title 1724,"python, docker, azure, cloud computing, data analysis"
1725,Job Title 1725,"docker, cloud computing, tensorflow, aws, fastapi, pytorch, javascript"
1726,Job Title 1726,"data analysis, pytorch, react, cloud computing, docker"
1727,Job Title 1727,"kubernetes, java, css, html, docker"
1728,Job Title 1728,"kubernetes, data analysis, java, react, cloud computing"
1729,Job Title 1729,"python, docker, fastapi, machine learning, data analysis"
1730,Job Title 1730,"azure, python, kubernetes, fastapi, linux"
1731,Job Title 1731,"react, linux, cloud computing"
1732,Job Title 1732,"tensorflow, azure, docker, css, html"
1733,Job Title 1733,"java, machine learning, pytorch"
1734,Job Title 1734,"fastapi, cloud computing, java, data analysis, pytorch, sql"
1735,Job Title 1735,"react, machine learning, java, cloud computing, sql, css"
1736,Job Title 1736,"azure, pytorch, c++, linux, fastapi"
1737,Job Title 1737,"docker, aws, react, python"
1738,Job Title 1738,"c++, javascript, linux, java, css, aws, pytorch, azure"
1739,Job Title 1739,"fastapi, kubernetes, javascript"
1740,Job Title 1740,"machine learning, azure, kubernetes"
1741,Job Title 1741,"javascript, c++, java, docker, pytorch, css, python, linux"
1742,Job Title 1742,"aws, machine learning, react, docker"
1743,Job Title 1743,"css, cloud computing, machine learning, html"
1744,Job Title 1744,"git, cloud computing, react, c++, data analysis, java"
1745,Job Title 1745,"javascript, docker, aws, linux"
1746,Job Title 1746,"docker, html, javascript, css"
1747,Job Title 1747,"docker, git, linux, css, java, aws"
1748,Job Title 1748,"react, java, cloud computing, fastapi, tensorflow, pytorch, kubernetes, docker"
1749,Job Title 1749,"javascript, sql, css"
1750,Job Title 1750,"fastapi, pytorch, python, css"
1751,Job Title 1751,"javascript, css, docker"
1752,Job Title 1752,"machine learning, kubernetes, java, python, tensorflow"
1753,Job Title 1753,"java, sql, tensorflow, machine learning, azure, c++, react, data analysis"
1754,Job Title 1754,"fastapi, python, cloud computing"
1755,Job Title 1755,"html, machine learning, sql, tensorflow, docker, javascript, kubernetes, azure"
1756,Job Title 1756,"docker, cloud computing, pytorch"
1757,Job Title 1757,"python, fastapi, linux, sql, machine learning, java, tensorflow"
1758,Job Title 1758,"cloud computing, sql, azure, git, javascript, java, data analysis"
1759,Job Title 1759,"c++, git, cloud computing"
1760,Job Title 1760,"c++, data analysis, react"
1761,Job Title 1761,"react, sql, tensorflow, fastapi"
1762,Job Title 1762,"css, kubernetes, machine learning"
1763,Job Title 1763,"cloud computing, react, html, python, azure, kubernetes"
1764,Job Title 1764,"azure, machine learning, c++"
1765,Job Title 1765,"docker, kubernetes, javascript, git, linux, css"
1766,Job Title 1766,"azure, python, linux, cloud computing, react"
1767,Job Title 1767,"kubernetes, machine learning, fastapi, tensorflow, react, docker"
1768,Job Title 1768,"linux, sql, kubernetes, tensorflow, javascript"
1769,Job Title 1769,"data analysis, c++, docker, sql, azure, kubernetes"
1770,Job Title 1770,"tensorflow, pytorch, sql, css, cloud computing, azure, machine learning"
1771,Job Title 1771,"java, html, cloud computing, python"
1772,Job Title 1772,"git, azure, sql, kubernetes, css, fastapi, javascript"
1773,Job Title 1773,"html, css, aws, azure, machine learning"
1774,Job Title 1774,"machine learning, fastapi, kubernetes, react"
1775,Job Title 1775,"html, cloud computing, git, aws, fastapi"
1776,Job Title 1776,"kubernetes, git, pytorch, machine learning, python, html, data analysis, azure"
1777,Job Title 1777,"cloud computing, git, tensorflow, javascript, linux, machine learning, html"
1778,Job Title 1778,"sql, linux, kubernetes"
1779,Job Title 1779,"data analysis, sql, javascript, linux, aws, css"
1780,Job Title 1780,"c++, tensorflow, aws, html, data analysis, css"
1781,Job Title 1781,"pytorch, docker, java, react"
1782,Job Title 1782,"cloud computing, html, kubernetes, react, c++, docker, pytorch"
1783,Job Title 1783,"azure, linux, java, aws, javascript"
1784,Job Title 1784,"aws, linux, azure, python, fastapi, machine learning, kubernetes, cloud computing"
1785,Job Title 1785,"machine learning, aws, javascript, kubernetes, git, data analysis, react, java"
1786,Job Title 1786,"aws, sql, kubernetes, linux, tensorflow, machine learning"
1787,Job Title 1787,"react, sql, docker"
1788,Job Title 1788,"data analysis, html, azure, cloud computing, sql, react"
1789,Job Title 1789,"fastapi, kubernetes, docker, tensorflow, css, c++"
1790,Job Title 1790,"azure, html, pytorch, git, python, fastapi, react"
1791,Job Title 1791,"javascript, machine learning, cloud computing, git"
1792,Job Title 1792,"cloud computing, docker, azure, aws, tensorflow, git, pytorch, css"
1793,Job Title 1793,"machine learning, docker, cloud computing, pytorch, azure"
1794,Job Title 1794,"sql, react, pytorch"
1795,Job Title 1795,"tensorflow, c++, css"
1796,Job Title 1796,"python, cloud computing, machine learning, tensorflow"
1797,Job Title 1797,"linux, sql, kubernetes, docker, html, java"
1798,Job Title 1798,"tensorflow, python, fastapi, sql"
1799,Job Title 1799,"data analysis, pytorch, cloud computing, c++, python, css"
1800,Job Title 1800,"react, linux, java, fastapi, machine learning, kubernetes, pytorch, git"
1801,Job Title 1801,"linux, html, tensorflow, react, docker"
1802,Job Title 1802,"html, linux, kubernetes, c++, tensorflow"
1803,Job Title 1803,"data analysis, tensorflow, git, python, docker, css, kubernetes, react"
1804,Job Title 1804,"react, java, azure"
1805,Job Title 1805,"java, fastapi, react, linux, cloud computing"
1806,Job Title 1806,"linux, css, pytorch, kubernetes, react, sql, javascript"
1807,Job Title 1807,"machine learning, python, css, javascript, java"
1808,Job Title 1808,"linux, tensorflow, python"
1809,Job Title 1809,"git, linux, tensorflow, aws, kubernetes, fastapi, c++, machine learning"
1810,Job Title 1810,"pytorch, css, c++, sql, html, cloud computing, data analysis, git"
1811,Job Title 1811,"azure, pytorch, git"
1812,Job Title 1812,"linux, c++, javascript, html"
1813,Job Title 1813,"azure, java, sql, linux"
1814,Job Title 1814,"python, pytorch, sql, cloud computing, css, fastapi, machine learning"
1815,Job Title 1815,"java, pytorch, c++"
1816,Job Title 1816,"sql, azure, c++, tensorflow, pytorch"
1817,Job Title 1817,"docker, html, css, fastapi, git, cloud computing, tensorflow, c++"
1818,Job Title 1818,"css, cloud computing, data analysis, java, react, azure, docker, c++"
1819,Job Title 1819,"fastapi, data analysis, git, tensorflow, machine learning"
1820,Job Title 1820,"java, cloud computing, azure, pytorch, machine learning, javascript, linux, fastapi"
1821,Job Title 1821,"docker, tensorflow, linux, git"
1822,Job Title 1822,"data analysis, html, machine learning, react, python"
1823,Job Title 1823,"linux, java, sql, javascript, pytorch, tensorflow, python"
1824,Job Title 1824,"azure, aws, javascript, cloud computing, pytorch, tensorflow, docker"
1825,Job Title 1825,"react, c++, html, linux, data analysis, pytorch, javascript, fastapi"
1826,Job Title 1826,"git, html, linux"
1827,Job Title 1827,"aws, react, python, sql, kubernetes"
1828,Job Title 1828,"fastapi, machine learning, c++, aws, html, linux"
1829,Job Title 1829,"css, linux, cloud computing, javascript"
1830,Job Title 1830,"java, machine learning, fastapi, javascript, azure, html, data analysis, cloud computing"
1831,Job Title 1831,"docker, css, git, html, data analysis, react, azure, sql"
1832,Job Title 1832,"html, data analysis, react, kubernetes, tensorflow, javascript"
1833,Job Title 1833,"git, data analysis, azure, machine learning"
1834,Job Title 1834,"cloud computing, kubernetes, git"
1835,Job Title 1835,"css, pytorch, docker, react, git, machine learning, python, sql"
1836,Job Title 1836,"fastapi, cloud computing, java"
1837,Job Title 1837,"fastapi, docker, html, azure"
1838,Job Title 1838,"pytorch, linux, git"
1839,Job Title 1839,"react, pytorch, aws"
1840,Job Title 1840,"javascript, kubernetes, react, fastapi, python"
1841,Job Title 1841,"kubernetes, git, python, c++, pytorch, fastapi, cloud computing, sql"
1842,Job Title 1842,"fastapi, sql, react, python, c++"
1843,Job Title 1843,"docker, fastapi, git, kubernetes"
1844,Job Title 1844,"c++, docker, css, javascript, aws, kubernetes, tensorflow, cloud computing"
1845,Job Title 1845,"docker, css, python, pytorch, aws, machine learning, git, fastapi"
1846,Job Title 1846,"css, html, cloud computing, fastapi"
1847,Job Title 1847,"docker, java, css, python, machine learning, linux, sql"
1848,Job Title 1848,"fastapi, git, tensorflow, sql"
1849,Job Title 1849,"java, javascript, kubernetes, tensorflow, python, git"
1850,Job Title 1850,"fastapi, tensorflow, css, c++, python"
1851,Job Title 1851,"react, kubernetes, tensorflow, docker, cloud computing, pytorch, fastapi, sql"
1852,Job Title 1852,"react, python, pytorch, java, javascript, docker"
1853,Job Title 1853,"aws, html, fastapi, tensorflow, azure, kubernetes, java, data analysis"
1854,Job Title 1854,"css, azure, java, c++, react, cloud computing"
1855,Job Title 1855,"python, azure, linux, java, pytorch, fastapi, docker, sql"
1856,Job Title 1856,"linux, git, machine learning, azure, c++"
1857,Job Title 1857,"java, pytorch, cloud computing, c++, aws, react"
1858,Job Title 1858,"react, azure, python, c++, machine learning, javascript"
1859,Job Title 1859,"css, python, html, docker, tensorflow, kubernetes, azure"
1860,Job Title 1860,"git, cloud computing, tensorflow, docker, javascript, data analysis"
1861,Job Title 1861,"react, tensorflow, c++, machine learning, aws"
1862,Job Title 1862,"git, linux, sql, tensorflow, react, javascript, java"
1863,Job Title 1863,"machine learning, linux, css"
1864,Job Title 1864,"css, kubernetes, aws, docker, azure, java, html, machine learning"
1865,Job Title 1865,"linux, css, javascript, cloud computing"
1866,Job Title 1866,"docker, data analysis, git"
1867,Job Title 1867,"javascript, docker, c++"
1868,Job Title 1868,"html, css, c++, react, fastapi, machine learning"
1869,Job Title 1869,"java, aws, git, javascript"
1870,Job Title 1870,"azure, linux, tensorflow, data analysis, html"
1871,Job Title 1871,"java, linux, pytorch, kubernetes"
1872,Job Title 1872,"docker, javascript, react, data analysis, c++, java, pytorch, sql"
1873,Job Title 1873,"tensorflow, javascript, machine learning, css, docker, java"
1874,Job Title 1874,"cloud computing, tensorflow, javascript, pytorch"
1875,Job Title 1875,"react, docker, java"
1876,Job Title 1876,"data analysis, kubernetes, azure, css, react, git"
1877,Job Title 1877,"docker, linux, css, python, data analysis, machine learning, kubernetes"
1878,Job Title 1878,"kubernetes, tensorflow, docker, azure, fastapi"
1879,Job Title 1879,"react, azure, sql, fastapi, tensorflow"
1880,Job Title 1880,"kubernetes, java, python, react, docker"
1881,Job Title 1881,"fastapi, machine learning, azure, html, kubernetes, java, css"
1882,Job Title 1882,"java, azure, c++, css, pytorch, react, python, machine learning"
1883,Job Title 1883,"azure, git, react, aws, data analysis, javascript, linux"
1884,Job Title 1884,"css, python, react, fastapi, docker, html, kubernetes"
1885,Job Title 1885,"linux, machine learning, tensorflow, java, react, html"
1886,Job Title 1886,"machine learning, cloud computing, pytorch, tensorflow, aws, c++, sql, git"
1887,Job Title 1887,"git, linux, pytorch, css, fastapi, machine learning, azure"
1888,Job Title 1888,"sql, pytorch, fastapi, c++, cloud computing, git, docker, machine learning"
1889,Job Title 1889,"git, javascript, fastapi, data analysis, html, sql"
1890,Job Title 1890,"javascript, cloud computing, sql, python, c++"
1891,Job Title 1891,"docker, java, machine learning, html, react"
1892,Job Title 1892,"python, fastapi, pytorch, html, javascript, azure, tensorflow"
1893,Job Title 1893,"machine learning, css, html, aws"
1894,Job Title 1894,"data analysis, fastapi, python, kubernetes, css, html, java"
1895,Job Title 1895,"data analysis, aws, pytorch, kubernetes, fastapi"
1896,Job Title 1896,"css, linux, machine learning"
1897,Job Title 1897,"fastapi, tensorflow, javascript, kubernetes, aws, azure"
1898,Job Title 1898,"c++, sql, python"
1899,Job Title 1899,"git, machine learning, docker, pytorch, kubernetes, python"
1900,Job Title 1900,"kubernetes, sql, machine learning, react, cloud computing, git, docker, data analysis"
1901,Job Title 1901,"html, azure, cloud computing, fastapi, git, linux, java, javascript"
1902,Job Title 1902,"machine learning, linux, sql, javascript, css, pytorch, cloud computing, fastapi"
1903,Job Title 1903,"data analysis, html, git, python, java, react, machine learning"
1904,Job Title 1904,"c++, react, data analysis, javascript, machine learning"
1905,Job Title 1905,"css, java, tensorflow, azure, javascript, c++, python"
1906,Job Title 1906,"react, fastapi, css, machine learning, javascript, docker"
1907,Job Title 1907,"sql, data analysis, cloud computing, kubernetes"
1908,Job Title 1908,"machine learning, git, html, data analysis"
1909,Job Title 1909,"kubernetes, aws, tensorflow, sql, azure, cloud computing, pytorch"
1910,Job Title 1910,"data analysis, java, cloud computing"
1911,Job Title 1911,"react, aws, azure, docker"
1912,Job Title 1912,"python, css, linux, pytorch, git, fastapi, cloud computing"
1913,Job Title 1913,"html, machine learning, data analysis, javascript, kubernetes, java, tensorflow, linux"
1914,Job Title 1914,"machine learning, docker, c++, sql, html, azure"
1915,Job Title 1915,"sql, python, javascript, cloud computing, kubernetes"
1916,Job Title 1916,"fastapi, tensorflow, docker, machine learning, html, azure, react, data analysis"
1917,Job Title 1917,"java, aws, c++, pytorch, azure, cloud computing, fastapi"
1918,Job Title 1918,"css, tensorflow, docker, aws, python, fastapi, cloud computing"
1919,Job Title 1919,"machine learning, react, data analysis"
1920,Job Title 1920,"tensorflow, linux, azure, css, html, c++, pytorch"
1921,Job Title 1921,"javascript, html, python, linux, azure, sql, fastapi"
1922,Job Title 1922,"docker, javascript, c++, python, sql"
1923,Job Title 1923,"tensorflow, git, fastapi, azure, python"
1924,Job Title 1924,"data analysis, python, cloud computing, java, tensorflow, html"
1925,Job Title 1925,"sql, html, cloud computing, aws, javascript"
1926,Job Title 1926,"c++, cloud computing, pytorch, html, git"
1927,Job Title 1927,"javascript, pytorch, kubernetes, sql, css"
1928,Job Title 1928,"pytorch, data analysis, python"
1929,Job Title 1929,"tensorflow, c++, machine learning, pytorch"
1930,Job Title 1930,"cloud computing, sql, kubernetes, react, git"
1931,Job Title 1931,"kubernetes, css, data analysis, pytorch, machine learning, aws"
1932,Job Title 1932,"python, linux, kubernetes, html, sql, css, docker, cloud computing"
1933,Job Title 1933,"git, sql, data analysis, machine learning, pytorch, react"
1934,Job Title 1934,"html, linux, css, fastapi, git, docker, machine learning"
1935,Job Title 1935,"c++, azure, machine learning, react, java"
1936,Job Title 1936,"azure, pytorch, css, tensorflow, cloud computing, linux"
1937,Job Title 1937,"sql, azure, java, tensorflow, react, html, css, data analysis"
1938,Job Title 1938,"css, pytorch, sql"
1939,Job Title 1939,"linux, git, javascript, python, fastapi"
1940,Job Title 1940,"css, python, tensorflow, git, react, machine learning, data analysis"
1941,Job Title 1941,"react, tensorflow, python, java, linux"
1942,Job Title 1942,"c++, docker, python, aws, java, fastapi"
1943,Job Title 1943,"html, cloud computing, sql, tensorflow, css"
1944,Job Title 1944,"html, java, python, pytorch"
1945,Job Title 1945,"java, tensorflow, aws"
1946,Job Title 1946,"tensorflow, javascript, java"
1947,Job Title 1947,"git, data analysis, java, react, docker"
1948,Job Title 1948,"tensorflow, kubernetes, machine learning"
1949,Job Title 1949,"javascript, fastapi, cloud computing, sql, aws, linux"
1950,Job Title 1950,"cloud computing, pytorch, git, html, data analysis, react"
1951,Job Title 1951,"pytorch, javascript, html"
1952,Job Title 1952,"cloud computing, docker, c++, git, css"
1953,Job Title 1953,"fastapi, html, java, kubernetes"
1954,Job Title 1954,"azure, kubernetes, git, fastapi, machine learning, css"
1955,Job Title 1955,"git, kubernetes, pytorch, linux, machine learning, fastapi, sql"
1956,Job Title 1956,"html, data analysis, tensorflow, aws, css, pytorch"
1957,Job Title 1957,"tensorflow, html, css, docker, linux"
1958,Job Title 1958,"css, linux, machine learning, docker, data analysis"
1959,Job Title 1959,"data analysis, javascript, java, kubernetes, html, cloud computing, tensorflow, pytorch"
1960,Job Title 1960,"machine learning, git, java, linux, c++, aws, docker, kubernetes"
1961,Job Title 1961,"java, git, azure, tensorflow, cloud computing, css"
1962,Job Title 1962,"javascript, fastapi, c++, pytorch, python, azure, java"
1963,Job Title 1963,"sql, kubernetes, aws, javascript, tensorflow, python"
1964,Job Title 1964,"docker, data analysis, linux"
1965,Job Title 1965,"cloud computing, tensorflow, machine learning, html, python, git, linux"
1966,Job Title 1966,"css, fastapi, tensorflow"
1967,Job Title 1967,"cloud computing, python, aws, c++"
1968,Job Title 1968,"java, pytorch, tensorflow, python, machine learning"
1969,Job Title 1969,"javascript, machine learning, c++, kubernetes, pytorch, tensorflow"
1970,Job Title 1970,"kubernetes, fastapi, html, sql, data analysis, tensorflow, react, c++"
1971,Job Title 1971,"python, html, aws, cloud computing, linux, java, react, azure"
1972,Job Title 1972,"git, html, linux, kubernetes, javascript, data analysis, css, pytorch"
1973,Job Title 1973,"java, html, tensorflow"
1974,Job Title 1974,"cloud computing, java, c++, sql, machine learning, kubernetes"
1975,Job Title 1975,"fastapi, python, aws, javascript, cloud computing, tensorflow, linux"
1976,Job Title 1976,"html, git, react, javascript"
1977,Job Title 1977,"react, javascript, kubernetes, python, java"
1978,Job Title 1978,"kubernetes, tensorflow, html"
1979,Job Title 1979,"cloud computing, kubernetes, css, aws, java"
1980,Job Title 1980,"tensorflow, javascript, azure, linux, html, git, fastapi"
1981,Job Title 1981,"tensorflow, azure, python, css, data analysis"
1982,Job Title 1982,"cloud computing, tensorflow, machine learning, javascript, data analysis, kubernetes, linux"
1983,Job Title 1983,"git, java, css, c++, machine learning, linux"
1984,Job Title 1984,"kubernetes, aws, git, azure, cloud computing"
1985,Job Title 1985,"sql, python, kubernetes, javascript, data analysis, c++"
1986,Job Title 1986,"react, git, cloud computing, python, css, pytorch, docker, azure"
1987,Job Title 1987,"java, html, docker, azure"
1988,Job Title 1988,"git, python, c++, cloud computing, css, html"
1989,Job Title 1989,"fastapi, linux, react, cloud computing, docker"
1990,Job Title 1990,"docker, data analysis, sql, fastapi, tensorflow, azure"
1991,Job Title 1991,"data analysis, machine learning, kubernetes, javascript, sql, git, tensorflow, cloud computing"
1992,Job Title 1992,"react, cloud computing, data analysis, html, python"
1993,Job Title 1993,"fastapi, machine learning, python, sql, linux, java, css, cloud computing"
1994,Job Title 1994,"machine learning, c++, python, kubernetes"
1995,Job Title 1995,"docker, c++, azure, tensorflow, javascript, pytorch, sql"
1996,Job Title 1996,"aws, html, pytorch, fastapi, css, git, machine learning"
1997,Job Title 1997,"git, docker, sql, linux, kubernetes, fastapi"
1998,Job Title 1998,"data analysis, react, css, tensorflow, linux, docker, machine learning"
1999,Job Title 1999,"machine learning, docker, java, aws, react, c++"
2000,Job Title 2000,"aws, sql, css, pytorch"
2001,Job Title 2001,"linux, docker, javascript, css, tensorflow, html, fastapi, java"
2002,Job Title 2002,"fastapi, cloud computing, aws, python, css"
2003,Job Title 2003,"linux, css, html, javascript, aws, azure, react"
2004,Job Title 2004,"tensorflow, css, c++, cloud computing, data analysis, git"
2005,Job Title 2005,"git, data analysis, python, tensorflow, sql, css, javascript, aws"
2006,Job Title 2006,"fastapi, c++, data analysis, tensorflow, react, java, azure"
2007,Job Title 2007,"kubernetes, sql, azure, c++"
2008,Job Title 2008,"python, linux, machine learning, sql, aws, pytorch, git, tensorflow"
2009,Job Title 2009,"sql, kubernetes, python, linux, azure, machine learning, tensorflow"
2010,Job Title 2010,"docker, azure, c++"
2011,Job Title 2011,"tensorflow, c++, kubernetes, aws, sql"
2012,Job Title 2012,"html, machine learning, css, data analysis, linux, c++"
2013,Job Title 2013,"sql, javascript, data analysis, aws, machine learning"
2014,Job Title 2014,"javascript, tensorflow, data analysis, git, css, sql, python"
2015,Job Title 2015,"kubernetes, git, java, docker, sql"
2016,Job Title 2016,"c++, css, cloud computing, javascript, fastapi, data analysis"
2017,Job Title 2017,"linux, html, css, sql, c++, git, tensorflow"
2018,Job Title 2018,"html, machine learning, c++, sql, java, pytorch, tensorflow"
2019,Job Title 2019,"css, c++, html, cloud computing, react"
2020,Job Title 2020,"java, aws, tensorflow, css, react"
2021,Job Title 2021,"docker, python, cloud computing, linux, git, java, c++, sql"
2022,Job Title 2022,"c++, react, machine learning"
2023,Job Title 2023,"c++, aws, machine learning, javascript, fastapi, css, pytorch"
2024,Job Title 2024,"machine learning, react, data analysis, fastapi, sql, git, tensorflow"
2025,Job Title 2025,"python, react, kubernetes, azure, git, data analysis, java, docker"
2026,Job Title 2026,"kubernetes, data analysis, sql, linux, html"
2027,Job Title 2027,"java, cloud computing, tensorflow, kubernetes, react, docker, sql"
2028,Job Title 2028,"linux, html, kubernetes, javascript, data analysis, aws, python"
2029,Job Title 2029,"azure, react, machine learning, data analysis, java, html"
2030,Job Title 2030,"git, tensorflow, javascript, css, python, c++, html, java"
2031,Job Title 2031,"git, tensorflow, data analysis"
2032,Job Title 2032,"c++, cloud computing, python, tensorflow, linux, kubernetes"
2033,Job Title 2033,"tensorflow, react, javascript, sql, css, c++, java"
2034,Job Title 2034,"tensorflow, fastapi, aws"
2035,Job Title 2035,"java, machine learning, javascript, pytorch, html"
2036,Job Title 2036,"docker, tensorflow, sql, java, data analysis, javascript, azure"
2037,Job Title 2037,"cloud computing, docker, aws, java, machine learning, pytorch, css"
2038,Job Title 2038,"data analysis, azure, html, tensorflow, kubernetes, aws, pytorch"
2039,Job Title 2039,"data analysis, azure, tensorflow, sql"
2040,Job Title 2040,"cloud computing, linux, tensorflow, machine learning, javascript, html, css"
2041,Job Title 2041,"kubernetes, git, aws, azure, c++, data analysis, python, html"
2042,Job Title 2042,"aws, git, python, azure, fastapi, data analysis, javascript"
2043,Job Title 2043,"sql, css, linux, html, aws, fastapi"
2044,Job Title 2044,"sql, cloud computing, linux, pytorch, kubernetes, machine learning"
2045,Job Title 2045,"sql, python, kubernetes, data analysis"
2046,Job Title 2046,"data analysis, cloud computing, git, pytorch, machine learning, docker, tensorflow, azure"
2047,Job Title 2047,"react, azure, css, aws, linux, data analysis, git"
2048,Job Title 2048,"cloud computing, java, aws, azure, fastapi, html, git"
2049,Job Title 2049,"cloud computing, fastapi, python, c++, pytorch"
2050,Job Title 2050,"sql, fastapi, data analysis, python, css"
2051,Job Title 2051,"fastapi, tensorflow, kubernetes, cloud computing, data analysis, git, python, aws"
2052,Job Title 2052,"git, react, c++, css, machine learning, kubernetes, sql, aws"
2053,Job Title 2053,"javascript, react, c++, java, data analysis, tensorflow, git, sql"
2054,Job Title 2054,"html, git, css"
2055,Job Title 2055,"fastapi, kubernetes, machine learning, java, html"
2056,Job Title 2056,"java, git, aws, data analysis, machine learning"
2057,Job Title 2057,"pytorch, docker, java, python, cloud computing"
2058,Job Title 2058,"react, azure, docker, css, kubernetes, fastapi, aws, java"
2059,Job Title 2059,"kubernetes, aws, machine learning, html, python, docker"
2060,Job Title 2060,"kubernetes, machine learning, css, react"
2061,Job Title 2061,"aws, java, linux, data analysis, azure, sql, react, javascript"
2062,Job Title 2062,"java, azure, python, machine learning, fastapi"
2063,Job Title 2063,"react, fastapi, python, aws, kubernetes, cloud computing, css, machine learning"
2064,Job Title 2064,"fastapi, machine learning, docker, azure, react"
2065,Job Title 2065,"css, machine learning, python, azure"
2066,Job Title 2066,"kubernetes, javascript, react"
2067,Job Title 2067,"docker, html, python, react, c++, tensorflow, sql"
2068,Job Title 2068,"html, azure, sql, pytorch, git, python, fastapi"
2069,Job Title 2069,"azure, react, aws, html, fastapi, java, sql"
2070,Job Title 2070,"machine learning, git, pytorch, linux"
2071,Job Title 2071,"python, javascript, docker, tensorflow, c++, java, data analysis"
2072,Job Title 2072,"javascript, data analysis, pytorch"
2073,Job Title 2073,"data analysis, css, docker, c++"
2074,Job Title 2074,"cloud computing, docker, pytorch, linux"
2075,Job Title 2075,"python, kubernetes, cloud computing, machine learning, pytorch, azure"
2076,Job Title 2076,"sql, css, pytorch, java, machine learning"
2077,Job Title 2077,"css, docker, java, c++, javascript"
2078,Job Title 2078,"fastapi, cloud computing, sql, data analysis, tensorflow, docker"
2079,Job Title 2079,"pytorch, machine learning, azure"
2080,Job Title 2080,"java, kubernetes, react"
2081,Job Title 2081,"linux, docker, javascript, azure, react, kubernetes"
2082,Job Title 2082,"docker, c++, java"
2083,Job Title 2083,"python, javascript, sql, css, docker, data analysis, tensorflow"
2084,Job Title 2084,"kubernetes, html, tensorflow, cloud computing, sql, python, pytorch"
2085,Job Title 2085,"machine learning, fastapi, c++"
2086,Job Title 2086,"docker, cloud computing, react, c++"
2087,Job Title 2087,"docker, c++, html, react, cloud computing, kubernetes, aws, linux"
2088,Job Title 2088,"python, react, fastapi"
2089,Job Title 2089,"python, fastapi, linux, react, java, docker, kubernetes"
2090,Job Title 2090,"java, git, pytorch"
2091,Job Title 2091,"machine learning, css, fastapi, data analysis, git, python, cloud computing"
2092,Job Title 2092,"tensorflow, aws, sql, azure"
2093,Job Title 2093,"sql, machine learning, c++, react, python"
2094,Job Title 2094,"sql, cloud computing, java, kubernetes, css, fastapi"
2095,Job Title 2095,"react, docker, c++, css"
2096,Job Title 2096,"azure, data analysis, cloud computing, python, react, fastapi"
2097,Job Title 2097,"css, javascript, pytorch, azure"
2098,Job Title 2098,"docker, kubernetes, html, tensorflow, python, css, git, c++"
2099,Job Title 2099,"linux, git, javascript, sql, fastapi"
2100,Job Title 2100,"tensorflow, sql, css, html"
2101,Job Title 2101,"python, css, machine learning"
2102,Job Title 2102,"tensorflow, azure, kubernetes, machine learning, git, linux, java, docker"
2103,Job Title 2103,"tensorflow, pytorch, sql, css, cloud computing, java, c++"
2104,Job Title 2104,"sql, machine learning, fastapi, data analysis"
2105,Job Title 2105,"javascript, sql, fastapi, cloud computing, react, machine learning"
2106,Job Title 2106,"cloud computing, pytorch, python, sql, kubernetes, java, tensorflow, git"
2107,Job Title 2107,"css, azure, fastapi, tensorflow, kubernetes"
2108,Job Title 2108,"python, tensorflow, fastapi, css, docker, cloud computing, azure, html"
2109,Job Title 2109,"tensorflow, html, java, linux, aws, cloud computing"
2110,Job Title 2110,"pytorch, sql, fastapi, c++, python, react"
2111,Job Title 2111,"python, kubernetes, fastapi, react, sql, machine learning"
2112,Job Title 2112,"python, docker, pytorch, tensorflow"
2113,Job Title 2113,"aws, html, cloud computing, pytorch, javascript, linux, data analysis, css"
2114,Job Title 2114,"react, c++, data analysis, machine learning, html, docker, java, sql"
2115,Job Title 2115,"data analysis, css, react, machine learning, tensorflow, kubernetes"
2116,Job Title 2116,"react, python, docker, fastapi, kubernetes"
2117,Job Title 2117,"aws, docker, linux, kubernetes"
2118,Job Title 2118,"linux, git, docker, sql, azure, java, javascript, react"
2119,Job Title 2119,"html, javascript, machine learning, fastapi, azure"
2120,Job Title 2120,"sql, java, kubernetes"
2121,Job Title 2121,"c++, css, git, react, aws, linux"
2122,Job Title 2122,"cloud computing, html, sql, machine learning, linux, azure, pytorch, java"
2123,Job Title 2123,"python, tensorflow, docker, kubernetes, pytorch, sql"
2124,Job Title 2124,"docker, javascript, linux, git, css, aws, react, azure"
2125,Job Title 2125,"python, c++, kubernetes"
2126,Job Title 2126,"aws, tensorflow, data analysis, html"
2127,Job Title 2127,"tensorflow, azure, git, data analysis, aws, cloud computing"
2128,Job Title 2128,"sql, fastapi, azure, aws, react, docker"
2129,Job Title 2129,"sql, git, aws, html, fastapi, machine learning"
2130,Job Title 2130,"git, java, machine learning, fastapi"
2131,Job Title 2131,"kubernetes, javascript, css, sql, tensorflow, azure, python, docker"
2132,Job Title 2132,"fastapi, sql, python, react, java, pytorch, data analysis"
2133,Job Title 2133,"docker, c++, tensorflow"
2134,Job Title 2134,"data analysis, docker, pytorch, kubernetes, java, react, linux, javascript"
2135,Job Title 2135,"git, html, linux, data analysis, docker, c++, aws, tensorflow"
2136,Job Title 2136,"css, html, data analysis, java, git"
2137,Job Title 2137,"machine learning, tensorflow, java"
2138,Job Title 2138,"java, kubernetes, data analysis"
2139,Job Title 2139,"azure, kubernetes, python, pytorch"
2140,Job Title 2140,"javascript, pytorch, cloud computing, linux, machine learning, java"
2141,Job Title 2141,"tensorflow, docker, pytorch, aws"
2142,Job Title 2142,"docker, react, tensorflow, css, azure, python, sql, javascript"
2143,Job Title 2143,"fastapi, aws, javascript, html, sql"
2144,Job Title 2144,"azure, docker, kubernetes"
2145,Job Title 2145,"react, cloud computing, sql, tensorflow, aws"
2146,Job Title 2146,"docker, python, sql, css, pytorch, cloud computing"
2147,Job Title 2147,"css, javascript, kubernetes, html, react, fastapi, pytorch"
2148,Job Title 2148,"sql, css, java, aws, html, docker, azure, c++"
2149,Job Title 2149,"python, c++, machine learning, azure, cloud computing, java"
2150,Job Title 2150,"aws, tensorflow, javascript"
2151,Job Title 2151,"c++, docker, sql"
2152,Job Title 2152,"tensorflow, javascript, react, machine learning, css, linux"
2153,Job Title 2153,"data analysis, java, git, pytorch, c++, aws, fastapi"
2154,Job Title 2154,"python, sql, data analysis, html, cloud computing, css"
2155,Job Title 2155,"tensorflow, docker, cloud computing, c++, java, kubernetes"
2156,Job Title 2156,"javascript, c++, machine learning, azure, fastapi, kubernetes, aws"
2157,Job Title 2157,"fastapi, react, linux"
2158,Job Title 2158,"git, c++, data analysis, python, javascript, linux, cloud computing"
2159,Job Title 2159,"pytorch, machine learning, c++, sql, cloud computing"
2160,Job Title 2160,"fastapi, html, pytorch, aws, cloud computing, java, linux, python"
2161,Job Title 2161,"css, tensorflow, aws"
2162,Job Title 2162,"python, sql, tensorflow, kubernetes"
2163,Job Title 2163,"tensorflow, react, python, data analysis, html, cloud computing, c++"
2164,Job Title 2164,"css, html, tensorflow, pytorch, javascript, docker, azure"
2165,Job Title 2165,"machine learning, python, linux"
2166,Job Title 2166,"fastapi, react, data analysis, pytorch, aws, css, azure, html"
2167,Job Title 2167,"pytorch, javascript, css, c++, html"
2168,Job Title 2168,"tensorflow, git, docker, react, machine learning, kubernetes"
2169,Job Title 2169,"machine learning, javascript, docker, pytorch"
2170,Job Title 2170,"javascript, aws, git"
2171,Job Title 2171,"fastapi, html, kubernetes, c++, git, sql, linux, css"
2172,Job Title 2172,"aws, machine learning, pytorch, tensorflow"
2173,Job Title 2173,"cloud computing, sql, java, git"
2174,Job Title 2174,"java, javascript, c++"
2175,Job Title 2175,"javascript, kubernetes, docker, css"
2176,Job Title 2176,"sql, kubernetes, docker, git, machine learning"
2177,Job Title 2177,"css, machine learning, cloud computing, react"
2178,Job Title 2178,"linux, cloud computing, html, azure, machine learning, tensorflow, javascript, data analysis"
2179,Job Title 2179,"sql, cloud computing, react, python, javascript, css"
2180,Job Title 2180,"c++, docker, data analysis, machine learning, sql, pytorch"
2181,Job Title 2181,"data analysis, aws, docker, azure, tensorflow, java, pytorch, linux"
2182,Job Title 2182,"react, fastapi, aws"
2183,Job Title 2183,"aws, c++, javascript, tensorflow, react, python"
2184,Job Title 2184,"tensorflow, python, html, docker, azure, machine learning, kubernetes"
2185,Job Title 2185,"react, fastapi, css, kubernetes, linux, machine learning"
2186,Job Title 2186,"data analysis, html, docker, fastapi, c++, css"
2187,Job Title 2187,"sql, pytorch, html, css, git, python, docker, data analysis"
2188,Job Title 2188,"python, html, java, machine learning, javascript, kubernetes"
2189,Job Title 2189,"javascript, docker, tensorflow, cloud computing, fastapi, data analysis, python"
2190,Job Title 2190,"data analysis, pytorch, kubernetes, docker, css, html"
2191,Job Title 2191,"react, python, javascript, fastapi, html, azure, css, linux"
2192,Job Title 2192,"java, cloud computing, tensorflow"
2193,Job Title 2193,"css, git, fastapi, docker"
2194,Job Title 2194,"tensorflow, sql, react"
2195,Job Title 2195,"html, pytorch, java, javascript, sql, data analysis"
2196,Job Title 2196,"pytorch, aws, python, fastapi, c++"
2197,Job Title 2197,"javascript, html, azure, aws"
2198,Job Title 2198,"kubernetes, css, fastapi, tensorflow, git"
2199,Job Title 2199,"kubernetes, javascript, tensorflow, html, git, cloud computing, docker, python"
2200,Job Title 2200,"docker, pytorch, java, react, python, linux, tensorflow, cloud computing"
2201,Job Title 2201,"css, aws, fastapi, tensorflow, cloud computing, sql, git"
2202,Job Title 2202,"fastapi, cloud computing, c++, css, machine learning, python, sql, java"
2203,Job Title 2203,"html, aws, sql, pytorch"
2204,Job Title 2204,"html, python, data analysis, cloud computing, kubernetes, pytorch, fastapi, javascript"
2205,Job Title 2205,"tensorflow, aws, react, sql"
2206,Job Title 2206,"data analysis, git, cloud computing, fastapi"
2207,Job Title 2207,"aws, css, html"
2208,Job Title 2208,"data analysis, css, html"
2209,Job Title 2209,"git, java, react, docker, pytorch, kubernetes, fastapi"
2210,Job Title 2210,"docker, pytorch, c++, linux, tensorflow"
2211,Job Title 2211,"react, sql, aws, machine learning, python, c++, java"
2212,Job Title 2212,"sql, tensorflow, fastapi, docker, react"
2213,Job Title 2213,"sql, python, docker, cloud computing, machine learning, html, java"
2214,Job Title 2214,"sql, cloud computing, azure, javascript, css"
2215,Job Title 2215,"azure, kubernetes, machine learning, aws, linux"
2216,Job Title 2216,"sql, react, css, javascript, tensorflow"
2217,Job Title 2217,"aws, css, java, react, cloud computing"
2218,Job Title 2218,"git, tensorflow, linux, java, docker, javascript"
2219,Job Title 2219,"python, sql, html"
2220,Job Title 2220,"git, react, machine learning, azure, kubernetes"
2221,Job Title 2221,"kubernetes, pytorch, cloud computing"
2222,Job Title 2222,"kubernetes, c++, git, aws, fastapi, python, css, sql"
2223,Job Title 2223,"linux, tensorflow, cloud computing, pytorch, c++, machine learning"
2224,Job Title 2224,"sql, tensorflow, java"
2225,Job Title 2225,"aws, pytorch, data analysis, sql, react"
2226,Job Title 2226,"data analysis, javascript, pytorch, docker, python, c++, sql"
2227,Job Title 2227,"kubernetes, html, java, python, tensorflow, cloud computing, css, javascript"
2228,Job Title 2228,"c++, javascript, sql"
2229,Job Title 2229,"sql, pytorch, fastapi, javascript, kubernetes, css, aws, python"
2230,Job Title 2230,"sql, pytorch, react, data analysis, cloud computing, fastapi, html, tensorflow"
2231,Job Title 2231,"sql, react, aws"
2232,Job Title 2232,"html, react, machine learning, tensorflow, data analysis, cloud computing"
2233,Job Title 2233,"git, aws, data analysis, fastapi"
2234,Job Title 2234,"azure, react, python"
2235,Job Title 2235,"linux, aws, python, machine learning, docker, sql"
2236,Job Title 2236,"machine learning, python, c++, linux"
2237,Job Title 2237,"linux, azure, python, tensorflow, kubernetes"
2238,Job Title 2238,"html, machine learning, kubernetes, c++, fastapi, react"
2239,Job Title 2239,"azure, javascript, html, linux, c++"
2240,Job Title 2240,"java, fastapi, html, react"
2241,Job Title 2241,"fastapi, azure, data analysis, docker, linux, react, css, kubernetes"
2242,Job Title 2242,"java, pytorch, html, linux, fastapi, git"
2243,Job Title 2243,"azure, css, python, java"
2244,Job Title 2244,"javascript, kubernetes, html, sql, linux, java, aws, css"
2245,Job Title 2245,"react, azure, java, sql"
2246,Job Title 2246,"git, cloud computing, html"
2247,Job Title 2247,"azure, cloud computing, linux, css"
2248,Job Title 2248,"linux, c++, docker, azure, tensorflow, css, javascript"
2249,Job Title 2249,"react, linux, azure, data analysis"
2250,Job Title 2250,"aws, machine learning, java, html, javascript, linux, data analysis, python"
2251,Job Title 2251,"machine learning, css, azure, c++, sql"
2252,Job Title 2252,"linux, html, tensorflow, machine learning, data analysis, docker, javascript, sql"
2253,Job Title 2253,"c++, linux, sql, cloud computing"
2254,Job Title 2254,"pytorch, react, machine learning, javascript, sql"
2255,Job Title 2255,"c++, react, data analysis, azure, python, css, java, kubernetes"
2256,Job Title 2256,"machine learning, cloud computing, azure, css, fastapi, aws"
2257,Job Title 2257,"kubernetes, css, pytorch, sql, react"
2258,Job Title 2258,"sql, git, linux, azure, python, aws, react"
2259,Job Title 2259,"python, kubernetes, git, react, java, css, sql, html"
2260,Job Title 2260,"java, sql, tensorflow, c++, aws"
2261,Job Title 2261,"tensorflow, azure, docker, c++, data analysis, javascript"
2262,Job Title 2262,"aws, css, data analysis, docker"
2263,Job Title 2263,"data analysis, git, docker"
2264,Job Title 2264,"fastapi, cloud computing, kubernetes, css, python, data analysis, html"
2265,Job Title 2265,"aws, kubernetes, docker, python, linux, data analysis, cloud computing, react"
2266,Job Title 2266,"docker, azure, c++, javascript, machine learning, react"
2267,Job Title 2267,"python, sql, git, aws, tensorflow"
2268,Job Title 2268,"java, azure, docker, data analysis, linux, fastapi, c++"
2269,Job Title 2269,"data analysis, css, javascript, react, python, kubernetes, pytorch"
2270,Job Title 2270,"react, tensorflow, cloud computing, azure, c++"
2271,Job Title 2271,"data analysis, c++, aws, machine learning, fastapi, python, javascript, tensorflow"
2272,Job Title 2272,"data analysis, css, aws, machine learning, docker, html"
2273,Job Title 2273,"aws, kubernetes, react, azure, c++, data analysis"
2274,Job Title 2274,"tensorflow, python, css, machine learning, git"
2275,Job Title 2275,"pytorch, css, html, sql, azure"
2276,Job Title 2276,"css, html, data analysis, c++, aws, tensorflow"
2277,Job Title 2277,"machine learning, sql, javascript, java, tensorflow, git, data analysis, python"
2278,Job Title 2278,"kubernetes, css, git, javascript, linux, azure"
2279,Job Title 2279,"html, linux, c++"
2280,Job Title 2280,"sql, linux, kubernetes, git, data analysis, machine learning, javascript"
2281,Job Title 2281,"pytorch, fastapi, azure, java, docker, linux"
2282,Job Title 2282,"data analysis, html, c++, linux, sql"
2283,Job Title 2283,"css, aws, git, react"
2284,Job Title 2284,"machine learning, html, c++, azure, sql"
2285,Job Title 2285,"html, machine learning, git, cloud computing, python"
2286,Job Title 2286,"fastapi, java, linux, c++"
2287,Job Title 2287,"react, css, c++, fastapi, python, machine learning, azure, sql"
2288,Job Title 2288,"sql, git, machine learning, css, fastapi, tensorflow, kubernetes, pytorch"
2289,Job Title 2289,"tensorflow, python, sql, azure, css, react, git"
2290,Job Title 2290,"data analysis, docker, react, css, pytorch, html, linux, azure"
2291,Job Title 2291,"javascript, java, css, data analysis, linux, tensorflow"
2292,Job Title 2292,"fastapi, aws, data analysis"
2293,Job Title 2293,"html, c++, machine learning"
2294,Job Title 2294,"aws, pytorch, docker, javascript, html, c++, data analysis"
2295,Job Title 2295,"data analysis, machine learning, c++, kubernetes, html, sql, pytorch, cloud computing"
2296,Job Title 2296,"c++, cloud computing, sql, docker, react, fastapi, linux"
2297,Job Title 2297,"azure, kubernetes, docker, git, pytorch, html"
2298,Job Title 2298,"java, html, fastapi, aws"
2299,Job Title 2299,"cloud computing, html, machine learning"
2300,Job Title 2300,"machine learning, fastapi, docker, git, data analysis, linux"
2301,Job Title 2301,"css, react, javascript, linux, aws, tensorflow"
2302,Job Title 2302,"react, git, javascript, html, python"
2303,Job Title 2303,"python, linux, data analysis, c++"
2304,Job Title 2304,"css, c++, python, html, cloud computing, data analysis, react"
2305,Job Title 2305,"javascript, data analysis, azure, html, docker"
2306,Job Title 2306,"sql, kubernetes, javascript, c++, python"
2307,Job Title 2307,"azure, javascript, kubernetes, docker, fastapi, python, pytorch"
2308,Job Title 2308,"python, azure, git"
2309,Job Title 2309,"c++, java, data analysis, css, sql, python, git"
2310,Job Title 2310,"cloud computing, kubernetes, git, pytorch, data analysis, machine learning, javascript, react"
2311,Job Title 2311,"javascript, fastapi, pytorch, data analysis"
2312,Job Title 2312,"git, tensorflow, azure, javascript, c++"
2313,Job Title 2313,"react, javascript, java, data analysis, docker, css"
2314,Job Title 2314,"react, aws, git, tensorflow, fastapi, machine learning"
2315,Job Title 2315,"python, react, java, c++"
2316,Job Title 2316,"data analysis, react, git, aws"
2317,Job Title 2317,"javascript, aws, kubernetes, azure, c++, python, sql, css"
2318,Job Title 2318,"kubernetes, linux, python, c++, sql, tensorflow"
2319,Job Title 2319,"data analysis, c++, git, fastapi, pytorch"
2320,Job Title 2320,"javascript, machine learning, pytorch, data analysis, git"
2321,Job Title 2321,"docker, c++, machine learning, javascript, java"
2322,Job Title 2322,"data analysis, azure, machine learning, python, pytorch, docker, tensorflow, c++"
2323,Job Title 2323,"java, sql, linux, docker, data analysis"
2324,Job Title 2324,"tensorflow, data analysis, html, fastapi, machine learning, kubernetes, cloud computing"
2325,Job Title 2325,"cloud computing, git, react, html, docker"
2326,Job Title 2326,"python, sql, javascript, java, azure, c++, css, tensorflow"
2327,Job Title 2327,"tensorflow, machine learning, fastapi, git, html, react, azure"
2328,Job Title 2328,"kubernetes, linux, python, tensorflow, docker"
2329,Job Title 2329,"javascript, java, cloud computing, linux, docker, data analysis"
2330,Job Title 2330,"c++, data analysis, kubernetes, aws, html, machine learning, docker"
2331,Job Title 2331,"aws, kubernetes, pytorch, machine learning, linux, css, docker, java"
2332,Job Title 2332,"html, cloud computing, aws, react, css"
2333,Job Title 2333,"data analysis, azure, machine learning, css, git, c++, docker, react"
2334,Job Title 2334,"java, html, docker, tensorflow"
2335,Job Title 2335,"kubernetes, sql, c++"
2336,Job Title 2336,"kubernetes, tensorflow, sql, html"
2337,Job Title 2337,"kubernetes, html, pytorch, react, cloud computing, linux"
2338,Job Title 2338,"fastapi, pytorch, c++, aws, javascript, react, cloud computing, tensorflow"
2339,Job Title 2339,"tensorflow, data analysis, html, cloud computing, java, git, docker"
2340,Job Title 2340,"c++, azure, react"
2341,Job Title 2341,"css, machine learning, data analysis, aws, javascript, azure, java, docker"
2342,Job Title 2342,"data analysis, machine learning, javascript, aws"
2343,Job Title 2343,"java, c++, data analysis, docker, sql, kubernetes"
2344,Job Title 2344,"react, html, aws, javascript, azure"
2345,Job Title 2345,"fastapi, html, pytorch, cloud computing"
2346,Job Title 2346,"fastapi, sql, tensorflow, aws, react, machine learning"
2347,Job Title 2347,"javascript, linux, cloud computing, tensorflow, java, data analysis, python, react"
2348,Job Title 2348,"react, pytorch, linux, aws, machine learning"
2349,Job Title 2349,"tensorflow, aws, docker, sql, azure, c++, kubernetes, machine learning"
2350,Job Title 2350,"docker, cloud computing, sql, c++"
2351,Job Title 2351,"tensorflow, machine learning, fastapi, git, linux"
2352,Job Title 2352,"sql, cloud computing, azure"
2353,Job Title 2353,"cloud computing, fastapi, java, c++, machine learning"
2354,Job Title 2354,"pytorch, javascript, git"
2355,Job Title 2355,"python, tensorflow, git, azure, fastapi, kubernetes, pytorch, javascript"
2356,Job Title 2356,"html, cloud computing, data analysis, machine learning, fastapi, linux, azure, python"
2357,Job Title 2357,"c++, machine learning, html, css, java, data analysis, react, tensorflow"
2358,Job Title 2358,"git, javascript, kubernetes, pytorch, linux"
2359,Job Title 2359,"python, tensorflow, azure, javascript, docker"
2360,Job Title 2360,"data analysis, cloud computing, pytorch, sql, linux, docker, css, c++"
2361,Job Title 2361,"kubernetes, sql, git, tensorflow, python, machine learning, pytorch, javascript"
2362,Job Title 2362,"docker, java, machine learning, kubernetes, fastapi"
2363,Job Title 2363,"tensorflow, machine learning, aws, python, sql"
2364,Job Title 2364,"javascript, tensorflow, pytorch, data analysis, java"
2365,Job Title 2365,"docker, data analysis, cloud computing, html, tensorflow"
2366,Job Title 2366,"javascript, c++, react, linux, data analysis, html, azure"
2367,Job Title 2367,"azure, css, pytorch"
2368,Job Title 2368,"react, sql, kubernetes, javascript, docker, git, fastapi"
2369,Job Title 2369,"git, azure, css, data analysis, docker"
2370,Job Title 2370,"cloud computing, linux, sql, azure, machine learning"
2371,Job Title 2371,"javascript, docker, python, html, c++"
2372,Job Title 2372,"react, c++, sql, azure, aws, java, data analysis"
2373,Job Title 2373,"python, c++, react, docker, azure, css, sql, html"
2374,Job Title 2374,"c++, aws, linux"
2375,Job Title 2375,"java, css, react, html, data analysis, c++"
2376,Job Title 2376,"tensorflow, git, java, data analysis"
2377,Job Title 2377,"git, java, pytorch, tensorflow, html"
2378,Job Title 2378,"machine learning, java, aws, tensorflow, react, cloud computing, linux, pytorch"
2379,Job Title 2379,"c++, html, pytorch, cloud computing, fastapi, azure"
2380,Job Title 2380,"c++, html, linux, machine learning"
2381,Job Title 2381,"git, azure, kubernetes, java, tensorflow, docker"
2382,Job Title 2382,"docker, azure, html, react, git"
2383,Job Title 2383,"azure, cloud computing, react, javascript, kubernetes"
2384,Job Title 2384,"javascript, java, python"
2385,Job Title 2385,"azure, linux, python, sql, cloud computing, c++, tensorflow, machine learning"
2386,Job Title 2386,"sql, html, machine learning, data analysis"
2387,Job Title 2387,"c++, cloud computing, aws, java, git"
2388,Job Title 2388,"css, fastapi, linux, react, javascript, java, pytorch"
2389,Job Title 2389,"kubernetes, java, fastapi, azure"
2390,Job Title 2390,"linux, machine learning, kubernetes"
2391,Job Title 2391,"kubernetes, linux, data analysis"
2392,Job Title 2392,"git, sql, react, data analysis, java, azure, python, linux"
2393,Job Title 2393,"html, aws, machine learning, data analysis, pytorch"
2394,Job Title 2394,"docker, cloud computing, css, javascript, azure, kubernetes, react"
2395,Job Title 2395,"tensorflow, c++, git"
2396,Job Title 2396,"java, kubernetes, azure, tensorflow, pytorch, docker"
2397,Job Title 2397,"machine learning, html, git, react, pytorch, aws, fastapi, kubernetes"
2398,Job Title 2398,"git, python, tensorflow, data analysis, fastapi, html, machine learning, linux"
2399,Job Title 2399,"python, sql, git, kubernetes, css, machine learning"
2400,Job Title 2400,"tensorflow, cloud computing, aws"
2401,Job Title 2401,"react, data analysis, pytorch"
2402,Job Title 2402,"python, cloud computing, html"
2403,Job Title 2403,"c++, pytorch, css, kubernetes, machine learning, linux"
2404,Job Title 2404,"fastapi, azure, aws, javascript"
2405,Job Title 2405,"fastapi, html, data analysis, aws, c++, git, sql, machine learning"
2406,Job Title 2406,"javascript, kubernetes, cloud computing, fastapi, python, tensorflow"
2407,Job Title 2407,"python, react, aws, css, sql, docker, git, linux"
2408,Job Title 2408,"javascript, git, data analysis, java, machine learning, linux"
2409,Job Title 2409,"azure, c++, python, css, data analysis, html, docker, linux"
2410,Job Title 2410,"machine learning, azure, java, react, aws, sql, cloud computing"
2411,Job Title 2411,"tensorflow, azure, html, fastapi"
2412,Job Title 2412,"java, azure, linux, python, docker, javascript"
2413,Job Title 2413,"c++, fastapi, cloud computing, python, linux, kubernetes, java, sql"
2414,Job Title 2414,"aws, html, react, kubernetes, cloud computing"
2415,Job Title 2415,"tensorflow, git, sql"
2416,Job Title 2416,"python, cloud computing, css, tensorflow, linux, html, c++"
2417,Job Title 2417,"aws, sql, machine learning, python, java, fastapi, linux"
2418,Job Title 2418,"react, azure, machine learning, pytorch, python"
2419,Job Title 2419,"pytorch, javascript, docker, machine learning, sql, python, fastapi"
2420,Job Title 2420,"azure, git, python"
2421,Job Title 2421,"c++, java, react, pytorch, cloud computing"
2422,Job Title 2422,"java, kubernetes, data analysis"
2423,Job Title 2423,"css, tensorflow, machine learning, data analysis"
2424,Job Title 2424,"pytorch, html, aws"
2425,Job Title 2425,"javascript, python, html"
2426,Job Title 2426,"tensorflow, python, sql, css"
2427,Job Title 2427,"azure, docker, react, kubernetes, fastapi, aws"
2428,Job Title 2428,"linux, machine learning, kubernetes, java, css, python, pytorch"
2429,Job Title 2429,"javascript, python, java, c++"
2430,Job Title 2430,"machine learning, react, data analysis, sql, javascript, css"
2431,Job Title 2431,"pytorch, sql, javascript, python, fastapi, c++, css, docker"
2432,Job Title 2432,"fastapi, sql, c++, pytorch, data analysis, cloud computing, machine learning, html"
2433,Job Title 2433,"linux, fastapi, css, pytorch, docker, html, git"
2434,Job Title 2434,"linux, fastapi, kubernetes, html, cloud computing, c++, aws, pytorch"
2435,Job Title 2435,"c++, java, azure, machine learning"
2436,Job Title 2436,"tensorflow, html, python"
2437,Job Title 2437,"machine learning, sql, html, linux, java"
2438,Job Title 2438,"tensorflow, machine learning, cloud computing"
2439,Job Title 2439,"linux, javascript, kubernetes"
2440,Job Title 2440,"css, fastapi, cloud computing, azure, react, aws"
2441,Job Title 2441,"data analysis, kubernetes, pytorch, javascript, aws, cloud computing, java, azure"
2442,Job Title 2442,"kubernetes, python, linux, sql, pytorch, azure, c++"
2443,Job Title 2443,"linux, docker, azure, c++, html"
2444,Job Title 2444,"pytorch, react, fastapi, docker, cloud computing, tensorflow, sql"
2445,Job Title 2445,"c++, cloud computing, react, azure, data analysis, html, javascript"
2446,Job Title 2446,"python, git, css, react, javascript"
2447,Job Title 2447,"machine learning, pytorch, git, react, sql"
2448,Job Title 2448,"python, java, aws, javascript, tensorflow, sql, html"
2449,Job Title 2449,"python, data analysis, cloud computing, azure, aws, fastapi, react"
2450,Job Title 2450,"tensorflow, javascript, pytorch, cloud computing, git, azure, sql"
2451,Job Title 2451,"azure, sql, css, react, pytorch, python, c++, fastapi"
2452,Job Title 2452,"linux, azure, html, javascript, data analysis, pytorch, machine learning"
2453,Job Title 2453,"html, pytorch, machine learning, sql, css, kubernetes, tensorflow"
2454,Job Title 2454,"c++, javascript, tensorflow, pytorch"
2455,Job Title 2455,"react, data analysis, aws"
2456,Job Title 2456,"linux, docker, azure, data analysis, javascript, css, c++"
2457,Job Title 2457,"machine learning, react, kubernetes"
2458,Job Title 2458,"pytorch, data analysis, tensorflow, aws, fastapi, java"
2459,Job Title 2459,"javascript, linux, cloud computing, kubernetes, data analysis, aws, pytorch"
2460,Job Title 2460,"aws, linux, kubernetes, python"
2461,Job Title 2461,"java, c++, git, css, azure, html, python"
2462,Job Title 2462,"html, docker, c++, tensorflow, pytorch, linux, fastapi"
2463,Job Title 2463,"sql, html, fastapi, java, kubernetes"
2464,Job Title 2464,"javascript, git, html, c++, linux"
2465,Job Title 2465,"python, aws, machine learning"
2466,Job Title 2466,"docker, cloud computing, data analysis"
2467,Job Title 2467,"fastapi, kubernetes, python, azure, cloud computing, pytorch, git"
2468,Job Title 2468,"python, css, pytorch, git, html, kubernetes, azure, javascript"
2469,Job Title 2469,"python, java, docker, c++, aws, react"
2470,Job Title 2470,"java, git, html"
2471,Job Title 2471,"kubernetes, azure, react, sql, git, javascript, tensorflow, machine learning"
2472,Job Title 2472,"java, sql, html, pytorch, cloud computing"
2473,Job Title 2473,"machine learning, azure, aws, linux, docker, pytorch, python, c++"
2474,Job Title 2474,"c++, cloud computing, linux, machine learning, java, tensorflow, aws, javascript"
2475,Job Title 2475,"pytorch, linux, tensorflow, react, fastapi, aws"
2476,Job Title 2476,"pytorch, git, react, aws, cloud computing, sql, kubernetes"
2477,Job Title 2477,"python, java, azure, sql, aws, fastapi, data analysis"
2478,Job Title 2478,"java, docker, tensorflow, data analysis, git, sql"
2479,Job Title 2479,"kubernetes, data analysis, tensorflow, git, fastapi, machine learning, pytorch, html"
2480,Job Title 2480,"fastapi, css, react, git, tensorflow, c++"
2481,Job Title 2481,"html, javascript, sql, c++, tensorflow"
2482,Job Title 2482,"sql, java, react, javascript, linux"
2483,Job Title 2483,"java, aws, react, kubernetes, pytorch, fastapi, docker"
2484,Job Title 2484,"sql, html, css, azure, tensorflow"
2485,Job Title 2485,"javascript, data analysis, sql, java, linux, kubernetes"
2486,Job Title 2486,"cloud computing, c++, azure, sql"
2487,Job Title 2487,"fastapi, tensorflow, aws, data analysis, linux, c++, html, machine learning"
2488,Job Title 2488,"python, linux, pytorch"
2489,Job Title 2489,"css, java, react, machine learning, python, cloud computing, javascript"
2490,Job Title 2490,"kubernetes, git, fastapi, react, cloud computing, html"
2491,Job Title 2491,"azure, java, html, cloud computing, kubernetes, tensorflow, sql, machine learning"
2492,Job Title 2492,"git, azure, c++, linux, pytorch, java"
2493,Job Title 2493,"aws, data analysis, pytorch, linux"
2494,Job Title 2494,"data analysis, aws, docker, machine learning, kubernetes, java, javascript, tensorflow"
2495,Job Title 2495,"kubernetes, html, c++, python, git, pytorch"
2496,Job Title 2496,"git, javascript, java, fastapi, c++, linux"
2497,Job Title 2497,"aws, data analysis, c++, javascript, pytorch, machine learning, git, css"
2498,Job Title 2498,"data analysis, machine learning, java, css, javascript"
2499,Job Title 2499,"linux, git, data analysis, sql, machine learning, python, javascript, aws"
2500,Job Title 2500,"git, sql, cloud computing, data analysis"
2501,Job Title 2501,"fastapi, data analysis, c++, docker, html, tensorflow, css"
2502,Job Title 2502,"machine learning, sql, javascript, java, python, react, aws, css"
2503,Job Title 2503,"c++, docker, react, tensorflow, python"
2504,Job Title 2504,"docker, html, kubernetes, data analysis, c++, pytorch, linux, python"
2505,Job Title 2505,"react, docker, kubernetes, data analysis, tensorflow"
2506,Job Title 2506,"cloud computing, linux, tensorflow, css, javascript"
2507,Job Title 2507,"html, git, pytorch, cloud computing"
2508,Job Title 2508,"docker, pytorch, azure"
2509,Job Title 2509,"fastapi, linux, c++"
2510,Job Title 2510,"python, javascript, linux, aws, tensorflow, java, kubernetes"
2511,Job Title 2511,"docker, tensorflow, cloud computing, linux, css, azure, python"
2512,Job Title 2512,"fastapi, python, javascript, c++, pytorch, aws, sql, cloud computing"
2513,Job Title 2513,"sql, linux, css, html, cloud computing, machine learning, java"
2514,Job Title 2514,"git, tensorflow, azure, data analysis"
2515,Job Title 2515,"python, tensorflow, pytorch"
2516,Job Title 2516,"kubernetes, aws, css, docker, machine learning"
2517,Job Title 2517,"tensorflow, sql, java, css"
2518,Job Title 2518,"linux, python, css, git, javascript, aws, kubernetes"
2519,Job Title 2519,"c++, docker, cloud computing"
2520,Job Title 2520,"data analysis, aws, kubernetes, docker"
2521,Job Title 2521,"data analysis, docker, linux, java, pytorch, html, azure"
2522,Job Title 2522,"html, cloud computing, aws"
2523,Job Title 2523,"fastapi, python, html, kubernetes, data analysis, git, linux, css"
2524,Job Title 2524,"git, java, linux, fastapi, c++"
2525,Job Title 2525,"pytorch, git, python"
2526,Job Title 2526,"fastapi, sql, html, cloud computing, c++, data analysis, azure"
2527,Job Title 2527,"kubernetes, cloud computing, git, data analysis, docker, css, python"
2528,Job Title 2528,"docker, css, java, aws, c++, python, machine learning, pytorch"
2529,Job Title 2529,"azure, aws, pytorch, c++, docker, fastapi"
2530,Job Title 2530,"java, react, python, css, javascript"
2531,Job Title 2531,"html, python, sql"
2532,Job Title 2532,"tensorflow, pytorch, linux, data analysis"
2533,Job Title 2533,"azure, css, cloud computing, javascript, kubernetes, python, fastapi, docker"
2534,Job Title 2534,"sql, machine learning, aws, react, linux, java, python, cloud computing"
2535,Job Title 2535,"data analysis, css, git, azure, tensorflow"
2536,Job Title 2536,"python, docker, git, tensorflow, c++, html, pytorch, linux"
2537,Job Title 2537,"docker, tensorflow, sql"
2538,Job Title 2538,"kubernetes, javascript, git, pytorch, python"
2539,Job Title 2539,"linux, css, tensorflow, python"
2540,Job Title 2540,"azure, html, python, c++"
2541,Job Title 2541,"sql, react, git, html, fastapi, css"
2542,Job Title 2542,"java, aws, data analysis"
2543,Job Title 2543,"react, java, docker, kubernetes"
2544,Job Title 2544,"c++, azure, sql, fastapi"
2545,Job Title 2545,"tensorflow, sql, git, javascript"
2546,Job Title 2546,"javascript, cloud computing, azure, aws, python, css, c++"
2547,Job Title 2547,"data analysis, kubernetes, c++, fastapi, tensorflow, git, cloud computing, html"
2548,Job Title 2548,"kubernetes, pytorch, aws, data analysis, javascript, azure, c++, linux"
2549,Job Title 2549,"python, cloud computing, html, git"
2550,Job Title 2550,"git, tensorflow, kubernetes, javascript, machine learning, react, python, css"
2551,Job Title 2551,"javascript, kubernetes, docker, html, fastapi"
2552,Job Title 2552,"css, azure, kubernetes, pytorch"
2553,Job Title 2553,"aws, fastapi, react, html"
2554,Job Title 2554,"python, aws, machine learning, c++"
2555,Job Title 2555,"javascript, c++, pytorch"
2556,Job Title 2556,"fastapi, java, react, pytorch"
2557,Job Title 2557,"data analysis, azure, tensorflow, pytorch, javascript, git, docker"
2558,Job Title 2558,"fastapi, react, azure, data analysis, java, aws, sql"
2559,Job Title 2559,"fastapi, java, react, html, python"
2560,Job Title 2560,"kubernetes, docker, css, aws, azure, sql"
2561,Job Title 2561,"c++, machine learning, javascript, html, sql"
2562,Job Title 2562,"data analysis, tensorflow, react, cloud computing"
2563,Job Title 2563,"linux, react, fastapi"
2564,Job Title 2564,"tensorflow, azure, docker, linux, react, data analysis, javascript, sql"
2565,Job Title 2565,"docker, fastapi, kubernetes, python, java, cloud computing, css, aws"
2566,Job Title 2566,"docker, python, data analysis"
2567,Job Title 2567,"sql, c++, git, aws, javascript, html, machine learning, cloud computing"
2568,Job Title 2568,"react, data analysis, docker, c++"
2569,Job Title 2569,"sql, css, react, azure, tensorflow, git"
2570,Job Title 2570,"machine learning, fastapi, azure"
2571,Job Title 2571,"aws, docker, kubernetes"
2572,Job Title 2572,"docker, c++, python"
2573,Job Title 2573,"react, css, azure, pytorch, linux, javascript, c++"
2574,Job Title 2574,"python, java, machine learning, tensorflow, html"
2575,Job Title 2575,"javascript, pytorch, tensorflow, machine learning"
2576,Job Title 2576,"java, git, react, fastapi, javascript, sql, python"
2577,Job Title 2577,"kubernetes, git, javascript"
2578,Job Title 2578,"data analysis, cloud computing, fastapi, pytorch, git, html"
2579,Job Title 2579,"git, fastapi, java, cloud computing, sql, react"
2580,Job Title 2580,"css, java, python, tensorflow, data analysis, aws, docker"
2581,Job Title 2581,"data analysis, kubernetes, python, azure, machine learning"
2582,Job Title 2582,"react, css, cloud computing, azure"
2583,Job Title 2583,"sql, azure, kubernetes, html, java, c++, css"
2584,Job Title 2584,"aws, linux, html"
2585,Job Title 2585,"kubernetes, cloud computing, linux, data analysis, aws"
2586,Job Title 2586,"kubernetes, machine learning, aws, html"
2587,Job Title 2587,"javascript, kubernetes, html, data analysis, machine learning, css, pytorch, python"
2588,Job Title 2588,"css, fastapi, docker"
2589,Job Title 2589,"aws, pytorch, machine learning"
2590,Job Title 2590,"azure, pytorch, react, cloud computing, css, machine learning, kubernetes"
2591,Job Title 2591,"data analysis, javascript, tensorflow, cloud computing, pytorch, azure, html, aws"
2592,Job Title 2592,"machine learning, docker, git, cloud computing, tensorflow, html"
2593,Job Title 2593,"java, javascript, c++, data analysis, pytorch, aws"
2594,Job Title 2594,"react, html, fastapi, docker, kubernetes"
2595,Job Title 2595,"cloud computing, linux, react, pytorch"
2596,Job Title 2596,"kubernetes, data analysis, machine learning, python, html"
2597,Job Title 2597,"javascript, azure, machine learning, docker, python, kubernetes, sql"
2598,Job Title 2598,"javascript, docker, aws, fastapi, linux"
2599,Job Title 2599,"machine learning, data analysis, tensorflow"
2600,Job Title 2600,"java, tensorflow, fastapi, machine learning, c++"
2601,Job Title 2601,"fastapi, c++, cloud computing, aws, tensorflow, docker, pytorch, data analysis"
2602,Job Title 2602,"aws, machine learning, sql, html, fastapi"
2603,Job Title 2603,"pytorch, html, java, linux, azure, react, aws"
2604,Job Title 2604,"azure, pytorch, sql, python"
2605,Job Title 2605,"machine learning, tensorflow, docker, azure, git"
2606,Job Title 2606,"pytorch, python, data analysis, c++, aws, linux, machine learning"
2607,Job Title 2607,"git, docker, kubernetes, data analysis, sql, linux"
2608,Job Title 2608,"aws, git, azure, css"
2609,Job Title 2609,"pytorch, machine learning, linux, cloud computing, docker, tensorflow, kubernetes"
2610,Job Title 2610,"git, sql, azure, machine learning, docker, html"
2611,Job Title 2611,"javascript, cloud computing, java, machine learning"
2612,Job Title 2612,"git, tensorflow, react, aws, machine learning, css, python, docker"
2613,Job Title 2613,"c++, git, cloud computing, java, aws, pytorch, html, azure"
2614,Job Title 2614,"pytorch, java, docker, sql, git, css"
2615,Job Title 2615,"linux, python, aws, git, pytorch, javascript, fastapi"
2616,Job Title 2616,"aws, fastapi, cloud computing, pytorch"
2617,Job Title 2617,"react, python, html, cloud computing, azure, sql"
2618,Job Title 2618,"machine learning, git, data analysis"
2619,Job Title 2619,"azure, tensorflow, sql"
2620,Job Title 2620,"pytorch, sql, cloud computing, data analysis, tensorflow, python, html"
2621,Job Title 2621,"azure, javascript, kubernetes, tensorflow"
2622,Job Title 2622,"css, git, java, azure, cloud computing, pytorch, tensorflow"
2623,Job Title 2623,"sql, pytorch, fastapi, html, c++, kubernetes, aws, tensorflow"
2624,Job Title 2624,"css, linux, react, javascript, git, cloud computing, docker, tensorflow"
2625,Job Title 2625,"html, css, javascript, azure, docker, react, python, java"
2626,Job Title 2626,"fastapi, git, react, pytorch, machine learning, python, javascript"
2627,Job Title 2627,"tensorflow, linux, sql"
2628,Job Title 2628,"python, data analysis, azure, docker, java"
2629,Job Title 2629,"cloud computing, machine learning, linux, fastapi, pytorch, docker"
2630,Job Title 2630,"tensorflow, linux, cloud computing, sql, aws, javascript, data analysis"
2631,Job Title 2631,"aws, java, tensorflow, javascript, sql, linux, python, cloud computing"
2632,Job Title 2632,"python, data analysis, pytorch, linux, c++, cloud computing, kubernetes, machine learning"
2633,Job Title 2633,"pytorch, css, java, sql, javascript, tensorflow, aws"
2634,Job Title 2634,"aws, pytorch, tensorflow"
2635,Job Title 2635,"css, sql, git, java, azure, javascript"
2636,Job Title 2636,"linux, sql, tensorflow, git, machine learning, pytorch"
2637,Job Title 2637,"machine learning, c++, sql, react, tensorflow"
2638,Job Title 2638,"python, fastapi, data analysis, tensorflow, machine learning, docker, javascript"
2639,Job Title 2639,"java, aws, cloud computing, kubernetes, docker, data analysis"
2640,Job Title 2640,"pytorch, sql, kubernetes, data analysis, aws, cloud computing"
2641,Job Title 2641,"python, react, kubernetes"
2642,Job Title 2642,"python, data analysis, git, html"
2643,Job Title 2643,"javascript, docker, aws, git, fastapi, tensorflow"
2644,Job Title 2644,"git, linux, pytorch, fastapi, react, css"
2645,Job Title 2645,"linux, docker, aws"
2646,Job Title 2646,"sql, docker, fastapi, aws"
2647,Job Title 2647,"docker, pytorch, git, machine learning, javascript, tensorflow, html, c++"
2648,Job Title 2648,"javascript, c++, python, kubernetes, aws"
2649,Job Title 2649,"sql, c++, react, cloud computing, linux, kubernetes"
2650,Job Title 2650,"tensorflow, java, react"
2651,Job Title 2651,"c++, aws, react, docker"
2652,Job Title 2652,"aws, data analysis, kubernetes, css, linux, docker, azure"
2653,Job Title 2653,"javascript, aws, sql, machine learning, pytorch, azure, docker"
2654,Job Title 2654,"machine learning, javascript, react, c++"
2655,Job Title 2655,"cloud computing, tensorflow, sql, data analysis, linux, react"
2656,Job Title 2656,"kubernetes, aws, data analysis, machine learning, python, pytorch"
2657,Job Title 2657,"html, docker, react, cloud computing"
2658,Job Title 2658,"tensorflow, c++, docker, git"
2659,Job Title 2659,"pytorch, react, git"
2660,Job Title 2660,"machine learning, react, tensorflow, css"
2661,Job Title 2661,"html, css, sql, pytorch, machine learning"
2662,Job Title 2662,"linux, javascript, python, react, css, data analysis"
2663,Job Title 2663,"aws, machine learning, java, javascript"
2664,Job Title 2664,"cloud computing, pytorch, docker, git"
2665,Job Title 2665,"javascript, c++, git, docker, aws"
2666,Job Title 2666,"pytorch, react, tensorflow, git, docker, azure, python"
2667,Job Title 2667,"git, linux, fastapi"
2668,Job Title 2668,"tensorflow, linux, data analysis, react, docker, git, c++, aws"
2669,Job Title 2669,"sql, kubernetes, azure, aws, data analysis, css"
2670,Job Title 2670,"javascript, data analysis, css, pytorch, machine learning, azure"
2671,Job Title 2671,"cloud computing, javascript, git, tensorflow, azure, python, fastapi, sql"
2672,Job Title 2672,"html, c++, sql, javascript, kubernetes"
2673,Job Title 2673,"react, sql, cloud computing, kubernetes"
2674,Job Title 2674,"machine learning, fastapi, css, html, linux, java, git"
2675,Job Title 2675,"c++, javascript, tensorflow"
2676,Job Title 2676,"linux, javascript, react"
2677,Job Title 2677,"azure, react, machine learning, aws"
2678,Job Title 2678,"react, azure, data analysis, css, machine learning, javascript, python, html"
2679,Job Title 2679,"java, machine learning, git, cloud computing"
2680,Job Title 2680,"c++, linux, pytorch, docker"
2681,Job Title 2681,"cloud computing, tensorflow, sql, html, kubernetes, pytorch"
2682,Job Title 2682,"pytorch, machine learning, tensorflow, data analysis, python, sql, fastapi, aws"
2683,Job Title 2683,"sql, fastapi, aws, linux, data analysis, javascript"
2684,Job Title 2684,"python, java, c++, docker, kubernetes, linux"
2685,Job Title 2685,"kubernetes, c++, html, fastapi, javascript, data analysis"
2686,Job Title 2686,"react, javascript, machine learning, cloud computing"
2687,Job Title 2687,"sql, tensorflow, fastapi, css, linux, kubernetes, html"
2688,Job Title 2688,"aws, git, html, react, javascript, python, css, fastapi"
2689,Job Title 2689,"java, docker, fastapi, python, html, tensorflow, linux"
2690,Job Title 2690,"git, react, java, html, kubernetes, machine learning"
2691,Job Title 2691,"c++, tensorflow, java, fastapi, cloud computing, pytorch, linux, docker"
2692,Job Title 2692,"javascript, pytorch, react, tensorflow, linux, c++, sql, css"
2693,Job Title 2693,"fastapi, javascript, data analysis"
2694,Job Title 2694,"css, kubernetes, fastapi"
2695,Job Title 2695,"python, fastapi, machine learning, java, html"
2696,Job Title 2696,"fastapi, data analysis, kubernetes, css, html, docker, git, sql"
2697,Job Title 2697,"react, aws, linux, kubernetes"
2698,Job Title 2698,"fastapi, c++, aws, docker, java"
2699,Job Title 2699,"cloud computing, react, sql, fastapi"
2700,Job Title 2700,"data analysis, c++, sql, tensorflow, html, git, java"
2701,Job Title 2701,"java, pytorch, linux, c++"
2702,Job Title 2702,"kubernetes, css, sql"
2703,Job Title 2703,"data analysis, fastapi, sql, java, tensorflow, python, machine learning"
2704,Job Title 2704,"linux, kubernetes, cloud computing, machine learning, html, javascript, data analysis, sql"
2705,Job Title 2705,"data analysis, pytorch, sql, azure, kubernetes, javascript"
2706,Job Title 2706,"linux, sql, pytorch, cloud computing, machine learning"
2707,Job Title 2707,"c++, aws, kubernetes, machine learning, linux, git"
2708,Job Title 2708,"fastapi, aws, docker, git"
2709,Job Title 2709,"data analysis, docker, c++, linux"
2710,Job Title 2710,"cloud computing, javascript, react, data analysis, pytorch, git"
2711,Job Title 2711,"javascript, java, kubernetes, pytorch"
2712,Job Title 2712,"fastapi, tensorflow, java, kubernetes"
2713,Job Title 2713,"html, css, azure, data analysis, javascript, tensorflow, git, sql"
2714,Job Title 2714,"cloud computing, linux, kubernetes, tensorflow"
2715,Job Title 2715,"pytorch, sql, kubernetes, html, cloud computing"
2716,Job Title 2716,"git, python, data analysis, javascript, css"
2717,Job Title 2717,"kubernetes, machine learning, c++, linux, java"
2718,Job Title 2718,"git, sql, java, react, html, cloud computing, c++, tensorflow"
2719,Job Title 2719,"cloud computing, data analysis, fastapi, kubernetes, machine learning, linux, css, git"
2720,Job Title 2720,"pytorch, kubernetes, aws, sql, docker, react, fastapi"
2721,Job Title 2721,"linux, css, git, python, kubernetes, sql, cloud computing, pytorch"
2722,Job Title 2722,"tensorflow, python, c++, linux"
2723,Job Title 2723,"machine learning, fastapi, linux, sql"
2724,Job Title 2724,"tensorflow, kubernetes, css, sql, html"
2725,Job Title 2725,"machine learning, java, react, sql, linux, git"
2726,Job Title 2726,"html, c++, azure, docker"
2727,Job Title 2727,"docker, data analysis, cloud computing, kubernetes, java"
2728,Job Title 2728,"pytorch, aws, react, data analysis, sql, java, fastapi, git"
2729,Job Title 2729,"fastapi, kubernetes, tensorflow, docker, html"
2730,Job Title 2730,"data analysis, aws, tensorflow, java, linux, kubernetes"
2731,Job Title 2731,"machine learning, fastapi, react"
2732,Job Title 2732,"kubernetes, sql, java, data analysis, git, react, cloud computing, css"
2733,Job Title 2733,"javascript, tensorflow, sql"
2734,Job Title 2734,"fastapi, pytorch, docker, react, kubernetes, aws, azure"
2735,Job Title 2735,"docker, c++, tensorflow"
2736,Job Title 2736,"c++, fastapi, cloud computing"
2737,Job Title 2737,"kubernetes, cloud computing, fastapi, html, aws"
2738,Job Title 2738,"azure, fastapi, javascript, pytorch, java"
2739,Job Title 2739,"react, fastapi, sql, cloud computing"
2740,Job Title 2740,"c++, css, sql, cloud computing, azure"
2741,Job Title 2741,"data analysis, git, java"
2742,Job Title 2742,"python, sql, c++"
2743,Job Title 2743,"linux, html, python, kubernetes, aws, docker"
2744,Job Title 2744,"linux, kubernetes, c++, data analysis, azure"
2745,Job Title 2745,"machine learning, sql, css, html, kubernetes, java"
2746,Job Title 2746,"azure, machine learning, kubernetes, cloud computing"
2747,Job Title 2747,"javascript, python, c++, azure, css"
2748,Job Title 2748,"javascript, machine learning, tensorflow, html, git, data analysis, azure, fastapi"
2749,Job Title 2749,"azure, react, tensorflow, c++, cloud computing, fastapi"
2750,Job Title 2750,"docker, css, kubernetes"
2751,Job Title 2751,"docker, javascript, c++, java"
2752,Job Title 2752,"machine learning, python, pytorch"
2753,Job Title 2753,"aws, react, machine learning"
2754,Job Title 2754,"html, sql, javascript, git"
2755,Job Title 2755,"pytorch, kubernetes, c++, cloud computing, data analysis, aws"
2756,Job Title 2756,"data analysis, css, linux, python"
2757,Job Title 2757,"tensorflow, java, git, docker, cloud computing, linux"
2758,Job Title 2758,"python, docker, data analysis"
2759,Job Title 2759,"machine learning, azure, c++, aws"
2760,Job Title 2760,"cloud computing, azure, aws"
2761,Job Title 2761,"tensorflow, html, docker"
2762,Job Title 2762,"azure, fastapi, docker, html, pytorch, python, css, data analysis"
2763,Job Title 2763,"sql, tensorflow, pytorch, c++"
2764,Job Title 2764,"css, machine learning, c++"
2765,Job Title 2765,"python, azure, cloud computing, kubernetes"
2766,Job Title 2766,"javascript, css, java, sql, machine learning, cloud computing, aws, html"
2767,Job Title 2767,"azure, kubernetes, pytorch, c++"
2768,Job Title 2768,"tensorflow, azure, git, kubernetes, aws, python, html, fastapi"
2769,Job Title 2769,"react, python, kubernetes, linux, javascript, java"
2770,Job Title 2770,"fastapi, cloud computing, data analysis, pytorch, machine learning, react, c++"
2771,Job Title 2771,"git, fastapi, linux, java, css, c++, javascript"
2772,Job Title 2772,"sql, c++, css, machine learning, python, html"
2773,Job Title 2773,"python, git, linux, c++, aws, javascript, kubernetes, docker"
2774,Job Title 2774,"java, react, sql, fastapi, javascript, css, linux"
2775,Job Title 2775,"css, javascript, machine learning"
2776,Job Title 2776,"tensorflow, css, git"
2777,Job Title 2777,"kubernetes, machine learning, java, aws, fastapi, azure"
2778,Job Title 2778,"css, tensorflow, docker, git, c++"
2779,Job Title 2779,"cloud computing, java, python"
2780,Job Title 2780,"html, machine learning, kubernetes, fastapi, linux, azure, cloud computing"
2781,Job Title 2781,"cloud computing, kubernetes, azure, git, pytorch, linux, aws"
2782,Job Title 2782,"sql, c++, docker, tensorflow, css, pytorch"
2783,Job Title 2783,"aws, react, kubernetes, css, azure"
2784,Job Title 2784,"sql, kubernetes, aws, linux"
2785,Job Title 2785,"kubernetes, azure, pytorch, java"
2786,Job Title 2786,"javascript, python, aws, sql, css, pytorch, azure"
2787,Job Title 2787,"java, css, sql, data analysis"
2788,Job Title 2788,"aws, kubernetes, java, c++, machine learning"
2789,Job Title 2789,"html, aws, cloud computing"
2790,Job Title 2790,"c++, javascript, css, data analysis, linux, azure, kubernetes, react"
2791,Job Title 2791,"fastapi, cloud computing, kubernetes, sql, javascript, tensorflow, css"
2792,Job Title 2792,"fastapi, docker, azure, java, aws"
2793,Job Title 2793,"react, javascript, azure, java, c++"
2794,Job Title 2794,"fastapi, aws, javascript, pytorch, git, html, sql"
2795,Job Title 2795,"c++, docker, pytorch, javascript"
2796,Job Title 2796,"docker, python, git"
2797,Job Title 2797,"docker, kubernetes, python, css, react, machine learning, data analysis"
2798,Job Title 2798,"data analysis, java, aws, fastapi, cloud computing, c++"
2799,Job Title 2799,"react, linux, c++, tensorflow, data analysis"
2800,Job Title 2800,"pytorch, css, react, azure, fastapi, html, docker"
2801,Job Title 2801,"html, azure, kubernetes, linux, fastapi, data analysis, docker, git"
2802,Job Title 2802,"azure, linux, fastapi, python"
2803,Job Title 2803,"kubernetes, aws, machine learning, docker, azure, git, css"
2804,Job Title 2804,"tensorflow, machine learning, cloud computing"
2805,Job Title 2805,"css, c++, pytorch, git, html, docker"
2806,Job Title 2806,"sql, c++, tensorflow, data analysis, fastapi, css"
2807,Job Title 2807,"data analysis, machine learning, react, c++, html, cloud computing, azure, javascript"
2808,Job Title 2808,"c++, react, git, javascript"
2809,Job Title 2809,"aws, python, linux, javascript"
2810,Job Title 2810,"docker, linux, java, fastapi, tensorflow, machine learning"
2811,Job Title 2811,"data analysis, javascript, python, linux, html, c++"
2812,Job Title 2812,"linux, css, cloud computing, java, html, machine learning, kubernetes"
2813,Job Title 2813,"html, git, machine learning, javascript, azure, c++, aws"
2814,Job Title 2814,"linux, javascript, fastapi, docker"
2815,Job Title 2815,"react, python, pytorch, linux, css, c++"
2816,Job Title 2816,"tensorflow, javascript, kubernetes, git, docker"
2817,Job Title 2817,"react, machine learning, python, data analysis"
2818,Job Title 2818,"docker, css, tensorflow, linux, azure, pytorch, c++"
2819,Job Title 2819,"aws, fastapi, azure, javascript, sql, react, html, data analysis"
2820,Job Title 2820,"docker, sql, git, java, azure, data analysis"
2821,Job Title 2821,"azure, kubernetes, c++, fastapi, tensorflow"
2822,Job Title 2822,"javascript, azure, pytorch, react"
2823,Job Title 2823,"javascript, pytorch, css"
2824,Job Title 2824,"c++, kubernetes, linux, java, machine learning"
2825,Job Title 2825,"linux, java, fastapi, react"
2826,Job Title 2826,"cloud computing, data analysis, azure, css, tensorflow"
2827,Job Title 2827,"docker, css, pytorch, machine learning, sql, linux"
2828,Job Title 2828,"python, kubernetes, html, linux, data analysis, react, azure, tensorflow"
2829,Job Title 2829,"docker, kubernetes, data analysis, aws, git, pytorch, c++"
2830,Job Title 2830,"tensorflow, docker, react"
2831,Job Title 2831,"sql, css, html, aws, data analysis, docker, c++, tensorflow"
2832,Job Title 2832,"c++, pytorch, html"
2833,Job Title 2833,"sql, cloud computing, css"
2834,Job Title 2834,"fastapi, cloud computing, linux, tensorflow"
2835,Job Title 2835,"python, cloud computing, css, pytorch"
2836,Job Title 2836,"docker, aws, git, javascript, fastapi, python, pytorch"
2837,Job Title 2837,"java, css, tensorflow"
2838,Job Title 2838,"azure, kubernetes, cloud computing, css, react, tensorflow, python"
2839,Job Title 2839,"react, machine learning, python, git, linux, azure"
2840,Job Title 2840,"c++, data analysis, linux"
2841,Job Title 2841,"react, cloud computing, java"
2842,Job Title 2842,"machine learning, aws, javascript, python, c++, git, fastapi"
2843,Job Title 2843,"cloud computing, html, machine learning, linux"
2844,Job Title 2844,"c++, html, tensorflow, data analysis, aws, react, sql"
2845,Job Title 2845,"cloud computing, sql, docker"
2846,Job Title 2846,"machine learning, javascript, python, pytorch, html"
2847,Job Title 2847,"aws, kubernetes, azure"
2848,Job Title 2848,"aws, sql, javascript"
2849,Job Title 2849,"react, git, cloud computing"
2850,Job Title 2850,"docker, aws, azure, css, data analysis, kubernetes"
2851,Job Title 2851,"azure, javascript, sql"
2852,Job Title 2852,"react, sql, python, css"
2853,Job Title 2853,"python, git, machine learning, fastapi, react, data analysis, c++, sql"
2854,Job Title 2854,"javascript, java, data analysis, sql, git"
2855,Job Title 2855,"kubernetes, machine learning, azure, javascript"
2856,Job Title 2856,"kubernetes, react, tensorflow"
2857,Job Title 2857,"pytorch, python, css, kubernetes, html, java, sql, javascript"
2858,Job Title 2858,"git, sql, tensorflow, cloud computing"
2859,Job Title 2859,"fastapi, python, javascript"
2860,Job Title 2860,"data analysis, css, git, tensorflow, machine learning, java"
2861,Job Title 2861,"c++, cloud computing, linux"
2862,Job Title 2862,"css, java, react, kubernetes, azure, linux, sql, aws"
2863,Job Title 2863,"react, aws, html, kubernetes"
2864,Job Title 2864,"data analysis, c++, sql, pytorch, css, react, azure"
2865,Job Title 2865,"data analysis, fastapi, aws, docker, git, c++, java"
2866,Job Title 2866,"machine learning, docker, cloud computing, kubernetes"
2867,Job Title 2867,"cloud computing, data analysis, html, machine learning, fastapi"
2868,Job Title 2868,"c++, html, javascript, kubernetes, machine learning, data analysis"
2869,Job Title 2869,"java, html, c++, pytorch, git, react, css"
2870,Job Title 2870,"tensorflow, data analysis, sql, git, javascript, react"
2871,Job Title 2871,"javascript, aws, pytorch, css, data analysis"
2872,Job Title 2872,"linux, kubernetes, javascript, git, cloud computing, tensorflow"
2873,Job Title 2873,"c++, sql, pytorch, git"
2874,Job Title 2874,"docker, c++, pytorch, java"
2875,Job Title 2875,"docker, machine learning, react"
2876,Job Title 2876,"c++, pytorch, react, azure, fastapi, linux, python, docker"
2877,Job Title 2877,"linux, tensorflow, cloud computing, java"
2878,Job Title 2878,"fastapi, machine learning, pytorch, data analysis, azure"
2879,Job Title 2879,"azure, python, pytorch, machine learning"
2880,Job Title 2880,"java, linux, c++, python, html, tensorflow, pytorch"
2881,Job Title 2881,"tensorflow, linux, azure, machine learning, sql, data analysis"
2882,Job Title 2882,"azure, javascript, data analysis, tensorflow"
2883,Job Title 2883,"azure, linux, c++, javascript, react, pytorch, sql, machine learning"
2884,Job Title 2884,"c++, docker, java, aws, git, pytorch"
2885,Job Title 2885,"python, docker, sql, data analysis, fastapi, html"
2886,Job Title 2886,"sql, aws, python, tensorflow, fastapi"
2887,Job Title 2887,"cloud computing, linux, machine learning, aws, pytorch, css"
2888,Job Title 2888,"machine learning, css, git, java, html, javascript"
2889,Job Title 2889,"cloud computing, sql, linux, javascript, docker, azure, c++, git"
2890,Job Title 2890,"python, c++, java, azure, machine learning"
2891,Job Title 2891,"css, react, python, docker"
2892,Job Title 2892,"html, css, fastapi, c++, cloud computing, docker"
2893,Job Title 2893,"html, cloud computing, c++, css"
2894,Job Title 2894,"docker, pytorch, react, javascript, linux, sql, data analysis, machine learning"
2895,Job Title 2895,"git, pytorch, c++, cloud computing, css, tensorflow, react"
2896,Job Title 2896,"html, c++, kubernetes, javascript"
2897,Job Title 2897,"tensorflow, git, kubernetes, javascript"
2898,Job Title 2898,"javascript, docker, fastapi, machine learning, html, azure"
2899,Job Title 2899,"java, aws, javascript"
2900,Job Title 2900,"kubernetes, java, javascript, aws, azure, linux, css"
2901,Job Title 2901,"kubernetes, sql, tensorflow"
2902,Job Title 2902,"kubernetes, sql, data analysis, cloud computing, azure"
2903,Job Title 2903,"pytorch, machine learning, c++, git, html, python, docker, kubernetes"
2904,Job Title 2904,"git, java, cloud computing"
2905,Job Title 2905,"css, azure, tensorflow"
2906,Job Title 2906,"data analysis, java, fastapi, machine learning, git, react, python"
2907,Job Title 2907,"git, css, sql, html, tensorflow, machine learning, data analysis"
2908,Job Title 2908,"sql, c++, fastapi, css"
2909,Job Title 2909,"kubernetes, docker, html, data analysis, sql, azure"
2910,Job Title 2910,"css, docker, cloud computing, pytorch, sql"
2911,Job Title 2911,"pytorch, machine learning, python"
2912,Job Title 2912,"javascript, azure, aws, kubernetes, fastapi, python, machine learning, linux"
2913,Job Title 2913,"git, linux, tensorflow"
2914,Job Title 2914,"python, tensorflow, html, sql, aws, git"
2915,Job Title 2915,"linux, kubernetes, cloud computing"
2916,Job Title 2916,"c++, sql, python, java, azure, docker"
2917,Job Title 2917,"c++, data analysis, javascript, python, machine learning"
2918,Job Title 2918,"html, pytorch, react, kubernetes, fastapi, data analysis, linux, python"
2919,Job Title 2919,"git, kubernetes, fastapi, cloud computing, pytorch, tensorflow, docker"
2920,Job Title 2920,"linux, kubernetes, azure, tensorflow, python, java, aws"
2921,Job Title 2921,"react, pytorch, sql, docker, kubernetes"
2922,Job Title 2922,"linux, tensorflow, git, java, c++, data analysis, react"
2923,Job Title 2923,"pytorch, data analysis, fastapi, kubernetes, c++, cloud computing, aws"
2924,Job Title 2924,"git, docker, javascript, css"
2925,Job Title 2925,"kubernetes, c++, pytorch"
2926,Job Title 2926,"azure, cloud computing, pytorch, machine learning, c++, java, css"
2927,Job Title 2927,"python, fastapi, pytorch, machine learning, css"
2928,Job Title 2928,"docker, c++, sql, pytorch"
2929,Job Title 2929,"css, javascript, python, azure"
2930,Job Title 2930,"machine learning, html, git, javascript"
2931,Job Title 2931,"react, javascript, pytorch"
2932,Job Title 2932,"docker, pytorch, azure, java, data analysis, git, aws, tensorflow"
2933,Job Title 2933,"python, tensorflow, fastapi, linux, javascript, pytorch, git"
2934,Job Title 2934,"docker, fastapi, python, javascript, pytorch, sql"
2935,Job Title 2935,"aws, data analysis, javascript, machine learning, react"
2936,Job Title 2936,"c++, sql, python, css"
2937,Job Title 2937,"html, machine learning, kubernetes, python, git, react"
2938,Job Title 2938,"css, kubernetes, pytorch, machine learning, docker"
2939,Job Title 2939,"tensorflow, kubernetes, java"
2940,Job Title 2940,"git, machine learning, react, python, javascript, pytorch, data analysis"
2941,Job Title 2941,"python, kubernetes, tensorflow, css, html, azure"
2942,Job Title 2942,"fastapi, docker, data analysis, aws"
2943,Job Title 2943,"cloud computing, docker, c++, python, fastapi"
2944,Job Title 2944,"tensorflow, css, machine learning"
2945,Job Title 2945,"python, javascript, cloud computing, data analysis, java, pytorch"
2946,Job Title 2946,"css, machine learning, git, html, linux, cloud computing, tensorflow"
2947,Job Title 2947,"css, kubernetes, docker"
2948,Job Title 2948,"linux, azure, pytorch, git"
2949,Job Title 2949,"linux, css, java, cloud computing, docker, react, machine learning"
2950,Job Title 2950,"kubernetes, docker, html, tensorflow, linux, aws, cloud computing, machine learning"
2951,Job Title 2951,"css, java, machine learning, html, aws, docker, javascript"
2952,Job Title 2952,"machine learning, fastapi, c++, css, data analysis, git, sql"
2953,Job Title 2953,"java, sql, python, machine learning, git"
2954,Job Title 2954,"sql, linux, cloud computing, azure, python"
2955,Job Title 2955,"css, html, react"
2956,Job Title 2956,"css, docker, kubernetes, data analysis"
2957,Job Title 2957,"git, pytorch, fastapi, linux, python, java"
2958,Job Title 2958,"javascript, html, sql, pytorch, java, machine learning, css"
2959,Job Title 2959,"react, sql, java"
2960,Job Title 2960,"azure, html, react, git, css, data analysis"
2961,Job Title 2961,"tensorflow, linux, javascript, kubernetes, docker, pytorch, cloud computing, azure"
2962,Job Title 2962,"machine learning, react, sql, python, azure"
2963,Job Title 2963,"machine learning, python, docker, linux, css, azure"
2964,Job Title 2964,"fastapi, machine learning, c++, azure, docker"
2965,Job Title 2965,"docker, kubernetes, css, sql, azure, machine learning, pytorch, java"
2966,Job Title 2966,"kubernetes, machine learning, javascript, pytorch, css, java, git, linux"
2967,Job Title 2967,"pytorch, react, linux, kubernetes, java, css, cloud computing"
2968,Job Title 2968,"python, aws, git, cloud computing, html, azure"
2969,Job Title 2969,"react, python, cloud computing"
2970,Job Title 2970,"azure, python, fastapi, machine learning, react, docker"
2971,Job Title 2971,"javascript, azure, linux"
2972,Job Title 2972,"linux, git, sql"
2973,Job Title 2973,"css, docker, fastapi, aws, cloud computing, pytorch"
2974,Job Title 2974,"tensorflow, cloud computing, data analysis, pytorch"
2975,Job Title 2975,"cloud computing, react, machine learning, python, azure, linux, sql, docker"
2976,Job Title 2976,"javascript, sql, html, tensorflow, cloud computing"
2977,Job Title 2977,"docker, cloud computing, machine learning, kubernetes"
2978,Job Title 2978,"tensorflow, cloud computing, azure, react, git, javascript, c++, java"
2979,Job Title 2979,"html, data analysis, tensorflow, c++, pytorch, react"
2980,Job Title 2980,"git, aws, java, cloud computing, python, tensorflow, linux"
2981,Job Title 2981,"cloud computing, tensorflow, machine learning"
2982,Job Title 2982,"pytorch, tensorflow, java, fastapi, machine learning, azure"
2983,Job Title 2983,"aws, html, data analysis, linux, pytorch, javascript"
2984,Job Title 2984,"data analysis, javascript, azure, kubernetes"
2985,Job Title 2985,"pytorch, java, react"
2986,Job Title 2986,"fastapi, kubernetes, machine learning, javascript, linux, cloud computing, c++"
2987,Job Title 2987,"docker, html, aws, css, pytorch, sql, git, azure"
2988,Job Title 2988,"kubernetes, react, machine learning, sql"
2989,Job Title 2989,"linux, git, docker, cloud computing, kubernetes, tensorflow, html"
2990,Job Title 2990,"react, docker, pytorch, html, azure, java, sql"
2991,Job Title 2991,"docker, fastapi, javascript"
2992,Job Title 2992,"tensorflow, data analysis, aws, linux, react, sql"
2993,Job Title 2993,"tensorflow, git, sql, html, aws"
2994,Job Title 2994,"tensorflow, c++, react, linux"
2995,Job Title 2995,"react, sql, aws, cloud computing, fastapi"
2996,Job Title 2996,"linux, aws, cloud computing, html, machine learning, c++"
2997,Job Title 2997,"azure, html, git, pytorch, machine learning"
2998,Job Title 2998,"c++, java, git"
2999,Job Title 2999,"aws, react, tensorflow, git, kubernetes, azure, sql, html"
3000,Job Title 3000,"sql, c++, docker, pytorch, java, python"
3001,Job Title 3001,"machine learning, kubernetes, pytorch, docker, aws"
3002,Job Title 3002,"sql, machine learning, c++, python, linux, fastapi, docker, html"
3003,Job Title 3003,"docker, git, cloud computing, fastapi, sql, html, c++, python"
3004,Job Title 3004,"linux, java, tensorflow, pytorch, fastapi, cloud computing"
3005,Job Title 3005,"data analysis, linux, git, html, cloud computing, kubernetes, c++"
3006,Job Title 3006,"docker, linux, javascript, python, react, git, azure"
3007,Job Title 3007,"javascript, pytorch, sql, c++, aws, fastapi, cloud computing, css"
3008,Job Title 3008,"azure, fastapi, c++, cloud computing, html"
3009,Job Title 3009,"cloud computing, pytorch, c++"
3010,Job Title 3010,"aws, machine learning, docker, linux, kubernetes, fastapi, python"
3011,Job Title 3011,"tensorflow, pytorch, fastapi, html, c++"
3012,Job Title 3012,"cloud computing, tensorflow, react, machine learning, fastapi"
3013,Job Title 3013,"sql, linux, javascript, react, kubernetes, pytorch, python, cloud computing"
3014,Job Title 3014,"git, react, azure, css, c++, fastapi, machine learning, sql"
3015,Job Title 3015,"git, java, machine learning, cloud computing, sql, c++"
3016,Job Title 3016,"tensorflow, git, java, css, pytorch, fastapi"
3017,Job Title 3017,"kubernetes, pytorch, tensorflow, azure, react, c++, cloud computing, linux"
3018,Job Title 3018,"docker, tensorflow, javascript, linux, aws, machine learning, sql"
3019,Job Title 3019,"machine learning, java, c++, html, azure, pytorch, linux, javascript"
3020,Job Title 3020,"git, sql, machine learning, c++, data analysis"
3021,Job Title 3021,"pytorch, react, sql, docker, azure, java, python, javascript"
3022,Job Title 3022,"docker, react, cloud computing, git, sql"
3023,Job Title 3023,"docker, html, java, c++, python, linux"
3024,Job Title 3024,"machine learning, git, azure, css, cloud computing"
3025,Job Title 3025,"machine learning, cloud computing, tensorflow, linux, kubernetes"
3026,Job Title 3026,"javascript, sql, kubernetes, data analysis, java, html, python"
3027,Job Title 3027,"aws, machine learning, cloud computing, docker, sql, react, fastapi"
3028,Job Title 3028,"data analysis, pytorch, c++, react, html, machine learning, sql, python"
3029,Job Title 3029,"javascript, docker, html, sql, java"
3030,Job Title 3030,"react, aws, git"
3031,Job Title 3031,"css, azure, sql, java, html"
3032,Job Title 3032,"aws, html, java, c++, kubernetes"
3033,Job Title 3033,"data analysis, machine learning, css, python, git, pytorch, react, tensorflow"
3034,Job Title 3034,"data analysis, css, kubernetes, html"
3035,Job Title 3035,"azure, c++, machine learning, tensorflow"
3036,Job Title 3036,"linux, sql, python, react, kubernetes"
3037,Job Title 3037,"html, cloud computing, git, javascript, tensorflow, azure"
3038,Job Title 3038,"cloud computing, sql, docker"
3039,Job Title 3039,"machine learning, aws, git, docker, data analysis, azure, javascript, tensorflow"
3040,Job Title 3040,"java, c++, cloud computing"
3041,Job Title 3041,"docker, linux, kubernetes, javascript, python, java, data analysis, sql"
3042,Job Title 3042,"linux, docker, azure, css, c++, pytorch, react"
3043,Job Title 3043,"kubernetes, cloud computing, python, machine learning, tensorflow, data analysis, react"
3044,Job Title 3044,"javascript, css, docker, cloud computing, pytorch, linux, aws, machine learning"
3045,Job Title 3045,"pytorch, java, linux, azure, data analysis, react, c++"
3046,Job Title 3046,"fastapi, python, javascript, css"
3047,Job Title 3047,"azure, cloud computing, aws, fastapi, react"
3048,Job Title 3048,"react, linux, css, html, aws, fastapi"
3049,Job Title 3049,"kubernetes, aws, data analysis"
3050,Job Title 3050,"java, linux, python, c++, css, fastapi, html, aws"
3051,Job Title 3051,"azure, sql, data analysis, tensorflow, linux, fastapi"
3052,Job Title 3052,"data analysis, react, kubernetes, c++"
3053,Job Title 3053,"java, css, kubernetes, c++"
3054,Job Title 3054,"azure, sql, java, data analysis"
3055,Job Title 3055,"fastapi, azure, tensorflow, data analysis, docker, aws"
3056,Job Title 3056,"tensorflow, sql, javascript, fastapi, cloud computing, java, git"
3057,Job Title 3057,"data analysis, java, react, git"
3058,Job Title 3058,"fastapi, linux, git, aws, kubernetes, machine learning, azure, data analysis"
3059,Job Title 3059,"javascript, python, kubernetes, html, azure, git, docker, aws"
3060,Job Title 3060,"tensorflow, aws, java, html, fastapi, pytorch"
3061,Job Title 3061,"docker, azure, fastapi, git, kubernetes, java"
3062,Job Title 3062,"java, kubernetes, css, git"
3063,Job Title 3063,"sql, tensorflow, docker, react, cloud computing, python, kubernetes"
3064,Job Title 3064,"kubernetes, sql, data analysis, react, tensorflow, cloud computing, c++, javascript"
3065,Job Title 3065,"java, c++, pytorch, tensorflow, cloud computing, linux, css"
3066,Job Title 3066,"linux, cloud computing, pytorch, tensorflow, azure"
3067,Job Title 3067,"azure, fastapi, c++, linux"
3068,Job Title 3068,"data analysis, aws, sql, linux, c++, cloud computing, pytorch, javascript"
3069,Job Title 3069,"tensorflow, fastapi, c++, data analysis, java"
3070,Job Title 3070,"fastapi, git, aws, python, c++"
3071,Job Title 3071,"sql, pytorch, linux"
3072,Job Title 3072,"sql, c++, react, cloud computing, data analysis, git"
3073,Job Title 3073,"c++, python, docker, java, pytorch, data analysis, azure, react"
3074,Job Title 3074,"pytorch, data analysis, azure, python"
3075,Job Title 3075,"python, git, data analysis, machine learning"
3076,Job Title 3076,"tensorflow, machine learning, kubernetes, docker, javascript, git"
3077,Job Title 3077,"aws, pytorch, git, c++, html, javascript, react"
3078,Job Title 3078,"c++, fastapi, docker, java, sql, kubernetes"
3079,Job Title 3079,"html, java, linux, tensorflow, aws, machine learning, cloud computing, c++"
3080,Job Title 3080,"fastapi, python, react, html, javascript, c++, tensorflow"
3081,Job Title 3081,"sql, cloud computing, tensorflow, c++, kubernetes, data analysis"
3082,Job Title 3082,"java, javascript, tensorflow, data analysis, machine learning, react, c++, aws"
3083,Job Title 3083,"machine learning, linux, aws, git"
3084,Job Title 3084,"fastapi, pytorch, tensorflow, kubernetes, c++"
3085,Job Title 3085,"sql, tensorflow, c++, machine learning, javascript, aws, html, css"
3086,Job Title 3086,"docker, java, git, data analysis, fastapi"
3087,Job Title 3087,"c++, html, fastapi, tensorflow, data analysis"
3088,Job Title 3088,"azure, css, html, docker, aws"
3089,Job Title 3089,"tensorflow, fastapi, data analysis"
3090,Job Title 3090,"react, cloud computing, sql, linux, c++, machine learning"
3091,Job Title 3091,"css, linux, java, azure"
3092,Job Title 3092,"tensorflow, java, machine learning"
3093,Job Title 3093,"javascript, docker, sql, azure, react, machine learning"
3094,Job Title 3094,"data analysis, cloud computing, react, docker"
3095,Job Title 3095,"linux, fastapi, cloud computing, git, aws, java, kubernetes, tensorflow"
3096,Job Title 3096,"linux, python, kubernetes"
3097,Job Title 3097,"aws, fastapi, sql, docker"
3098,Job Title 3098,"pytorch, kubernetes, data analysis"
3099,Job Title 3099,"git, css, kubernetes, tensorflow, java, sql, javascript, data analysis"
3100,Job Title 3100,"c++, cloud computing, fastapi, react, pytorch, aws"
3101,Job Title 3101,"fastapi, data analysis, react, linux, tensorflow"
3102,Job Title 3102,"pytorch, data analysis, linux, css, c++, docker, kubernetes"
3103,Job Title 3103,"c++, tensorflow, java"
3104,Job Title 3104,"java, c++, git, javascript, data analysis, cloud computing, tensorflow"
3105,Job Title 3105,"kubernetes, aws, python, linux, docker"
3106,Job Title 3106,"sql, python, fastapi, tensorflow, kubernetes"
3107,Job Title 3107,"docker, azure, css, javascript, sql, java"
3108,Job Title 3108,"kubernetes, python, pytorch"
3109,Job Title 3109,"linux, kubernetes, aws, java, react"
3110,Job Title 3110,"html, docker, machine learning, javascript, azure, data analysis"
3111,Job Title 3111,"git, c++, tensorflow, aws, react"
3112,Job Title 3112,"css, docker, fastapi, sql"
3113,Job Title 3113,"git, azure, kubernetes, tensorflow"
3114,Job Title 3114,"html, tensorflow, java, fastapi, data analysis, docker, css"
3115,Job Title 3115,"aws, data analysis, react, git, c++"
3116,Job Title 3116,"linux, tensorflow, docker, git, aws, kubernetes, java"
3117,Job Title 3117,"java, c++, data analysis, sql, javascript, fastapi, react"
3118,Job Title 3118,"pytorch, java, data analysis, docker, cloud computing"
3119,Job Title 3119,"aws, html, azure"
3120,Job Title 3120,"sql, tensorflow, javascript, cloud computing, c++, html, git"
3121,Job Title 3121,"azure, fastapi, c++, aws, tensorflow, linux, javascript, cloud computing"
3122,Job Title 3122,"linux, azure, tensorflow, fastapi, git"
3123,Job Title 3123,"c++, javascript, python, azure, tensorflow, docker"
3124,Job Title 3124,"css, kubernetes, aws, azure, python, fastapi"
3125,Job Title 3125,"aws, data analysis, docker, kubernetes"
3126,Job Title 3126,"html, cloud computing, machine learning"
3127,Job Title 3127,"git, azure, java, aws, javascript, c++, sql, python"
3128,Job Title 3128,"pytorch, sql, java, python, fastapi, azure, docker"
3129,Job Title 3129,"java, react, css, javascript"
3130,Job Title 3130,"java, python, c++, fastapi"
3131,Job Title 3131,"pytorch, javascript, machine learning"
3132,Job Title 3132,"c++, react, linux, data analysis"
3133,Job Title 3133,"python, tensorflow, sql, data analysis"
3134,Job Title 3134,"cloud computing, html, fastapi, data analysis, git, aws, pytorch"
3135,Job Title 3135,"javascript, css, aws, fastapi, tensorflow, sql, kubernetes, python"
3136,Job Title 3136,"fastapi, css, linux, kubernetes"
3137,Job Title 3137,"cloud computing, pytorch, react, sql, git, fastapi, data analysis, html"
3138,Job Title 3138,"git, c++, sql, cloud computing, javascript, react, linux"
3139,Job Title 3139,"aws, docker, azure, tensorflow"
3140,Job Title 3140,"data analysis, machine learning, css"
3141,Job Title 3141,"react, git, cloud computing, javascript, sql, fastapi"
3142,Job Title 3142,"kubernetes, fastapi, aws, python"
3143,Job Title 3143,"machine learning, aws, azure, cloud computing, linux, kubernetes"
3144,Job Title 3144,"linux, docker, data analysis, cloud computing"
3145,Job Title 3145,"linux, kubernetes, docker, pytorch, python, tensorflow, react, data analysis"
3146,Job Title 3146,"git, css, machine learning, javascript, linux"
3147,Job Title 3147,"pytorch, javascript, docker, html, java, azure, kubernetes, react"
3148,Job Title 3148,"machine learning, sql, linux, javascript, c++, docker"
3149,Job Title 3149,"fastapi, docker, kubernetes, javascript, java"
3150,Job Title 3150,"python, c++, data analysis, css, react, machine learning, azure"
3151,Job Title 3151,"aws, javascript, css"
3152,Job Title 3152,"aws, kubernetes, css"
3153,Job Title 3153,"azure, react, java, machine learning, data analysis"
3154,Job Title 3154,"docker, css, azure, sql"
3155,Job Title 3155,"docker, azure, fastapi"
3156,Job Title 3156,"kubernetes, c++, pytorch, machine learning, java, python, azure"
3157,Job Title 3157,"git, linux, html, kubernetes, data analysis, azure, docker"
3158,Job Title 3158,"pytorch, html, java, fastapi, javascript"
3159,Job Title 3159,"pytorch, aws, machine learning, sql, react, css"
3160,Job Title 3160,"react, linux, data analysis, kubernetes, sql, azure, python"
3161,Job Title 3161,"machine learning, java, c++, tensorflow, azure, react, css"
3162,Job Title 3162,"fastapi, sql, azure, linux, c++"
3163,Job Title 3163,"fastapi, html, kubernetes, tensorflow, linux"
3164,Job Title 3164,"cloud computing, git, azure"
3165,Job Title 3165,"cloud computing, docker, kubernetes, javascript, html"
3166,Job Title 3166,"pytorch, data analysis, java"
3167,Job Title 3167,"tensorflow, c++, java, kubernetes, git"
3168,Job Title 3168,"tensorflow, java, sql, react, javascript, docker, cloud computing"
3169,Job Title 3169,"sql, html, tensorflow, linux, fastapi"
3170,Job Title 3170,"cloud computing, git, c++"
3171,Job Title 3171,"cloud computing, machine learning, linux, css, pytorch, data analysis, java"
3172,Job Title 3172,"c++, linux, docker, azure, data analysis, git"
3173,Job Title 3173,"tensorflow, azure, linux, sql, pytorch"
3174,Job Title 3174,"kubernetes, javascript, html, css, python, azure, c++"
3175,Job Title 3175,"css, html, git, java, sql, fastapi, data analysis"
3176,Job Title 3176,"c++, docker, git, kubernetes, cloud computing"
3177,Job Title 3177,"css, tensorflow, pytorch, java, data analysis, sql, react, aws"
3178,Job Title 3178,"html, sql, machine learning, docker, java, kubernetes, react, git"
3179,Job Title 3179,"linux, machine learning, java, aws, kubernetes, azure, cloud computing"
3180,Job Title 3180,"python, machine learning, pytorch, fastapi, azure"
3181,Job Title 3181,"react, java, css, tensorflow, javascript"
3182,Job Title 3182,"azure, fastapi, python, git, react, css, c++"
3183,Job Title 3183,"machine learning, css, pytorch, html"
3184,Job Title 3184,"linux, cloud computing, azure, sql, fastapi"
3185,Job Title 3185,"javascript, c++, css, fastapi, machine learning, react, aws, python"
3186,Job Title 3186,"python, java, data analysis, fastapi, react"
3187,Job Title 3187,"aws, tensorflow, kubernetes, css, pytorch, azure, react, javascript"
3188,Job Title 3188,"machine learning, sql, javascript, java, tensorflow, kubernetes, git"
3189,Job Title 3189,"data analysis, machine learning, pytorch, tensorflow, html"
3190,Job Title 3190,"cloud computing, azure, sql"
3191,Job Title 3191,"azure, python, javascript"
3192,Job Title 3192,"c++, kubernetes, python, aws"
3193,Job Title 3193,"linux, fastapi, react, pytorch, c++, sql"
3194,Job Title 3194,"kubernetes, docker, css"
3195,Job Title 3195,"pytorch, azure, java, cloud computing, docker, data analysis"
3196,Job Title 3196,"sql, fastapi, cloud computing"
3197,Job Title 3197,"aws, sql, tensorflow, pytorch, c++, docker, react"
3198,Job Title 3198,"javascript, linux, java, css, data analysis, kubernetes, react, fastapi"
3199,Job Title 3199,"docker, cloud computing, pytorch, css, react, kubernetes"
3200,Job Title 3200,"azure, kubernetes, data analysis"
3201,Job Title 3201,"python, azure, linux, aws"
3202,Job Title 3202,"linux, aws, css, sql, data analysis, pytorch"
3203,Job Title 3203,"tensorflow, aws, machine learning, pytorch, python, git"
3204,Job Title 3204,"git, c++, html, tensorflow, aws, azure"
3205,Job Title 3205,"react, machine learning, git"
3206,Job Title 3206,"fastapi, linux, cloud computing, machine learning, react, git, java, tensorflow"
3207,Job Title 3207,"linux, css, sql, pytorch"
3208,Job Title 3208,"java, cloud computing, pytorch, data analysis, python"
3209,Job Title 3209,"java, html, aws, react, azure, css, cloud computing"
3210,Job Title 3210,"docker, python, sql, c++, react, data analysis"
3211,Job Title 3211,"kubernetes, sql, tensorflow, machine learning, aws"
3212,Job Title 3212,"pytorch, docker, java, javascript, python, c++, tensorflow, kubernetes"
3213,Job Title 3213,"java, sql, linux, docker, git, data analysis"
3214,Job Title 3214,"kubernetes, git, machine learning, css, pytorch, aws, data analysis, javascript"
3215,Job Title 3215,"aws, cloud computing, docker, fastapi, azure, css, tensorflow"
3216,Job Title 3216,"javascript, linux, java, pytorch, sql, data analysis, tensorflow, python"
3217,Job Title 3217,"kubernetes, linux, c++, fastapi, git, css, pytorch"
3218,Job Title 3218,"fastapi, tensorflow, machine learning, cloud computing, azure, linux, aws, sql"
3219,Job Title 3219,"machine learning, pytorch, python, git, css"
3220,Job Title 3220,"data analysis, aws, c++, azure"
3221,Job Title 3221,"css, java, c++, pytorch, aws, sql, fastapi, react"
3222,Job Title 3222,"javascript, aws, kubernetes, docker, machine learning"
3223,Job Title 3223,"machine learning, python, docker, c++, javascript"
3224,Job Title 3224,"data analysis, sql, python, machine learning, pytorch, tensorflow"
3225,Job Title 3225,"javascript, html, fastapi, linux, python, sql, pytorch, cloud computing"
3226,Job Title 3226,"pytorch, javascript, cloud computing, azure, java, tensorflow, sql"
3227,Job Title 3227,"fastapi, aws, javascript, java, tensorflow, python"
3228,Job Title 3228,"git, java, python, kubernetes, linux, css, docker, aws"
3229,Job Title 3229,"machine learning, javascript, linux, python, c++, sql, css"
3230,Job Title 3230,"kubernetes, machine learning, sql, aws, html, java"
3231,Job Title 3231,"react, pytorch, tensorflow, sql"
3232,Job Title 3232,"java, cloud computing, machine learning, react"
3233,Job Title 3233,"react, machine learning, html, fastapi, docker, aws"
3234,Job Title 3234,"tensorflow, javascript, kubernetes, java, linux, html, data analysis"
3235,Job Title 3235,"docker, linux, react, java, machine learning, pytorch"
3236,Job Title 3236,"fastapi, linux, pytorch"
3237,Job Title 3237,"data analysis, cloud computing, kubernetes, azure"
3238,Job Title 3238,"kubernetes, aws, javascript, docker, data analysis"
3239,Job Title 3239,"linux, kubernetes, pytorch, java, python, sql, html, javascript"
3240,Job Title 3240,"react, c++, python, css, machine learning"
3241,Job Title 3241,"aws, python, java, git, cloud computing, data analysis, react"
3242,Job Title 3242,"fastapi, data analysis, docker, linux, java, tensorflow"
3243,Job Title 3243,"css, java, html, cloud computing"
3244,Job Title 3244,"c++, linux, react"
3245,Job Title 3245,"java, data analysis, linux, html, react, aws"
3246,Job Title 3246,"data analysis, git, sql, html, c++"
3247,Job Title 3247,"git, aws, fastapi, cloud computing, javascript, linux"
3248,Job Title 3248,"css, tensorflow, git"
3249,Job Title 3249,"tensorflow, aws, java, azure, data analysis, linux, cloud computing"
3250,Job Title 3250,"cloud computing, data analysis, azure, python"
3251,Job Title 3251,"sql, pytorch, kubernetes"
3252,Job Title 3252,"linux, data analysis, pytorch, cloud computing, tensorflow, docker"
3253,Job Title 3253,"javascript, java, react, aws, git, linux, cloud computing, html"
3254,Job Title 3254,"html, sql, azure, css, react, linux"
3255,Job Title 3255,"docker, java, react"
3256,Job Title 3256,"python, cloud computing, git, javascript, aws, azure, linux"
3257,Job Title 3257,"css, tensorflow, data analysis, git, python"
3258,Job Title 3258,"cloud computing, data analysis, css, git, kubernetes"
3259,Job Title 3259,"azure, fastapi, cloud computing, javascript, tensorflow, sql, docker"
3260,Job Title 3260,"html, data analysis, azure, pytorch, fastapi"
3261,Job Title 3261,"aws, fastapi, linux, css, sql, java, cloud computing, react"
3262,Job Title 3262,"cloud computing, data analysis, css, docker, javascript, java, machine learning"
3263,Job Title 3263,"azure, javascript, html, c++, aws, cloud computing"
3264,Job Title 3264,"java, cloud computing, css, c++, tensorflow"
3265,Job Title 3265,"cloud computing, javascript, fastapi"
3266,Job Title 3266,"pytorch, c++, kubernetes, aws, azure, git, cloud computing"
3267,Job Title 3267,"c++, react, kubernetes, machine learning, docker, aws, javascript"
3268,Job Title 3268,"aws, azure, javascript"
3269,Job Title 3269,"linux, docker, machine learning, aws, git, azure, tensorflow, html"
3270,Job Title 3270,"machine learning, linux, fastapi"
3271,Job Title 3271,"css, kubernetes, cloud computing, tensorflow, python, javascript, git, azure"
3272,Job Title 3272,"git, cloud computing, css, javascript, c++, fastapi, python, tensorflow"
3273,Job Title 3273,"sql, git, pytorch, java"
3274,Job Title 3274,"html, pytorch, machine learning"
3275,Job Title 3275,"fastapi, cloud computing, javascript"
3276,Job Title 3276,"fastapi, html, kubernetes"
3277,Job Title 3277,"c++, kubernetes, html, react, docker, aws, machine learning"
3278,Job Title 3278,"cloud computing, kubernetes, aws, data analysis, linux"
3279,Job Title 3279,"tensorflow, c++, linux, machine learning, sql, javascript, git, cloud computing"
3280,Job Title 3280,"data analysis, java, aws, pytorch"
3281,Job Title 3281,"aws, git, pytorch, java, cloud computing, machine learning, python, html"
3282,Job Title 3282,"javascript, azure, aws, linux, sql, cloud computing, fastapi, tensorflow"
3283,Job Title 3283,"pytorch, html, react, python, azure, linux, machine learning, git"
3284,Job Title 3284,"aws, react, git, javascript, java, html"
3285,Job Title 3285,"css, machine learning, python, linux, kubernetes"
3286,Job Title 3286,"react, aws, docker"
3287,Job Title 3287,"git, c++, pytorch, azure, sql, python"
3288,Job Title 3288,"css, sql, javascript, python, linux, pytorch, kubernetes, data analysis"
3289,Job Title 3289,"javascript, fastapi, tensorflow, pytorch, react, sql, git, html"
3290,Job Title 3290,"tensorflow, kubernetes, azure"
3291,Job Title 3291,"javascript, git, css, aws, docker, tensorflow"
3292,Job Title 3292,"machine learning, css, data analysis, azure, sql, kubernetes, c++"
3293,Job Title 3293,"sql, tensorflow, fastapi, docker, react, pytorch"
3294,Job Title 3294,"cloud computing, fastapi, data analysis, machine learning, aws, pytorch, c++"
3295,Job Title 3295,"python, azure, css, linux, java, aws"
3296,Job Title 3296,"azure, javascript, fastapi, cloud computing, git, kubernetes, tensorflow"
3297,Job Title 3297,"java, css, tensorflow, git, docker, cloud computing, azure"
3298,Job Title 3298,"fastapi, data analysis, git, machine learning, docker, kubernetes, java"
3299,Job Title 3299,"python, docker, react, git"
3300,Job Title 3300,"fastapi, azure, git, javascript, machine learning, kubernetes"
3301,Job Title 3301,"python, aws, pytorch, react, java, data analysis"
3302,Job Title 3302,"javascript, azure, html, c++, pytorch, sql, git, machine learning"
3303,Job Title 3303,"css, kubernetes, fastapi"
3304,Job Title 3304,"cloud computing, java, tensorflow"
3305,Job Title 3305,"c++, react, docker, html, azure, aws, sql"
3306,Job Title 3306,"data analysis, html, docker, git"
3307,Job Title 3307,"azure, data analysis, machine learning"
3308,Job Title 3308,"pytorch, data analysis, html"
3309,Job Title 3309,"machine learning, kubernetes, data analysis, linux, azure, git"
3310,Job Title 3310,"kubernetes, linux, cloud computing, tensorflow, pytorch, docker, java, machine learning"
3311,Job Title 3311,"tensorflow, css, linux"
3312,Job Title 3312,"linux, data analysis, cloud computing"
3313,Job Title 3313,"html, linux, docker, aws, git, kubernetes, css"
3314,Job Title 3314,"sql, cloud computing, aws, java, react, pytorch"
3315,Job Title 3315,"python, javascript, machine learning, java, tensorflow, docker, linux, data analysis"
3316,Job Title 3316,"c++, css, sql, docker, tensorflow, fastapi"
3317,Job Title 3317,"pytorch, tensorflow, c++, git, azure, python"
3318,Job Title 3318,"docker, c++, git, data analysis, html, react"
3319,Job Title 3319,"css, sql, docker, machine learning"
3320,Job Title 3320,"tensorflow, pytorch, machine learning, java, css, c++"
3321,Job Title 3321,"python, react, git, c++, css, sql, html, machine learning"
3322,Job Title 3322,"data analysis, react, sql, python, tensorflow"
3323,Job Title 3323,"pytorch, docker, data analysis, sql, linux, html"
3324,Job Title 3324,"cloud computing, kubernetes, azure, react, fastapi, java"
3325,Job Title 3325,"fastapi, pytorch, aws, data analysis, git, sql, html, cloud computing"
3326,Job Title 3326,"azure, javascript, python, docker"
3327,Job Title 3327,"pytorch, fastapi, sql, kubernetes, css"
3328,Job Title 3328,"docker, linux, css"
3329,Job Title 3329,"git, cloud computing, python, css, react, c++, java"
3330,Job Title 3330,"html, cloud computing, css, fastapi, java"
3331,Job Title 3331,"cloud computing, html, aws, react, git, css, fastapi, python"
3332,Job Title 3332,"python, git, linux, tensorflow"
3333,Job Title 3333,"cloud computing, java, tensorflow"
3334,Job Title 3334,"linux, data analysis, java, tensorflow, css, aws, kubernetes"
3335,Job Title 3335,"kubernetes, css, javascript, aws"
3336,Job Title 3336,"javascript, git, sql, machine learning, html, cloud computing, python"
3337,Job Title 3337,"docker, python, tensorflow, c++"
3338,Job Title 3338,"c++, fastapi, git"
3339,Job Title 3339,"aws, data analysis, css, html, pytorch, sql"
3340,Job Title 3340,"c++, linux, fastapi, cloud computing, tensorflow, html, kubernetes, java"
3341,Job Title 3341,"git, fastapi, react"
3342,Job Title 3342,"cloud computing, machine learning, fastapi, pytorch"
3343,Job Title 3343,"html, kubernetes, machine learning, c++, react, aws"
3344,Job Title 3344,"cloud computing, aws, c++"
3345,Job Title 3345,"python, javascript, git, cloud computing"
3346,Job Title 3346,"cloud computing, azure, pytorch, c++, aws, sql, react, java"
3347,Job Title 3347,"fastapi, pytorch, c++, javascript, cloud computing, java"
3348,Job Title 3348,"azure, html, linux, fastapi, cloud computing, data analysis"
3349,Job Title 3349,"machine learning, react, linux, sql"
3350,Job Title 3350,"sql, kubernetes, c++, fastapi, css, python, docker"
3351,Job Title 3351,"pytorch, python, linux, machine learning, aws"
3352,Job Title 3352,"machine learning, pytorch, git"
3353,Job Title 3353,"c++, tensorflow, aws, html, cloud computing"
3354,Job Title 3354,"tensorflow, c++, aws, git, css"
3355,Job Title 3355,"machine learning, css, sql, java, data analysis, git, pytorch"
3356,Job Title 3356,"react, python, c++, git, javascript"
3357,Job Title 3357,"react, kubernetes, html"
3358,Job Title 3358,"aws, git, tensorflow, docker, linux"
3359,Job Title 3359,"pytorch, git, data analysis, c++, sql, css, react"
3360,Job Title 3360,"linux, javascript, c++, sql, react"
3361,Job Title 3361,"azure, kubernetes, tensorflow, data analysis, docker"
3362,Job Title 3362,"java, git, react, python"
3363,Job Title 3363,"kubernetes, azure, docker"
3364,Job Title 3364,"html, docker, tensorflow"
3365,Job Title 3365,"kubernetes, react, javascript, git, c++, docker, html, java"
3366,Job Title 3366,"python, azure, fastapi, pytorch, git"
3367,Job Title 3367,"git, kubernetes, java, machine learning, fastapi, python, react"
3368,Job Title 3368,"cloud computing, javascript, fastapi, git"
3369,Job Title 3369,"sql, javascript, pytorch"
3370,Job Title 3370,"sql, data analysis, git, fastapi, machine learning, aws, javascript, linux"
3371,Job Title 3371,"aws, docker, fastapi, java"
3372,Job Title 3372,"kubernetes, linux, azure, react, c++"
3373,Job Title 3373,"html, cloud computing, c++, docker, python, data analysis, javascript"
3374,Job Title 3374,"javascript, pytorch, azure"
3375,Job Title 3375,"machine learning, tensorflow, aws, data analysis"
3376,Job Title 3376,"docker, linux, data analysis, git, pytorch, aws"
3377,Job Title 3377,"tensorflow, git, machine learning, python, linux, sql, cloud computing"
3378,Job Title 3378,"git, html, css, data analysis, linux, kubernetes"
3379,Job Title 3379,"fastapi, react, git, docker, css, pytorch, data analysis"
3380,Job Title 3380,"react, machine learning, docker, data analysis, azure, html"
3381,Job Title 3381,"sql, javascript, fastapi, java, machine learning"
3382,Job Title 3382,"javascript, c++, aws, tensorflow, azure, html, docker"
3383,Job Title 3383,"docker, azure, c++, java"
3384,Job Title 3384,"html, cloud computing, css, git, javascript, react, java"
3385,Job Title 3385,"docker, c++, javascript, aws, tensorflow, machine learning, azure, html"
3386,Job Title 3386,"git, azure, machine learning"
3387,Job Title 3387,"css, python, react, azure, fastapi, data analysis, java, git"
3388,Job Title 3388,"sql, docker, c++, java, cloud computing, tensorflow, css"
3389,Job Title 3389,"sql, c++, javascript, fastapi, cloud computing, react, docker, machine learning"
3390,Job Title 3390,"tensorflow, javascript, azure"
3391,Job Title 3391,"pytorch, tensorflow, javascript"
3392,Job Title 3392,"sql, pytorch, linux"
3393,Job Title 3393,"git, azure, sql, linux"
3394,Job Title 3394,"linux, azure, fastapi, react, java, sql, css"
3395,Job Title 3395,"sql, kubernetes, react, linux"
3396,Job Title 3396,"react, aws, java, machine learning, pytorch, azure, kubernetes, tensorflow"
3397,Job Title 3397,"html, tensorflow, react, pytorch, css, linux"
3398,Job Title 3398,"c++, azure, data analysis"
3399,Job Title 3399,"c++, tensorflow, linux, fastapi, cloud computing, machine learning, azure, aws"
3400,Job Title 3400,"git, python, java"
3401,Job Title 3401,"pytorch, docker, html"
3402,Job Title 3402,"python, machine learning, c++, fastapi, tensorflow"
3403,Job Title 3403,"javascript, git, pytorch, css, python, sql"
3404,Job Title 3404,"kubernetes, fastapi, data analysis, machine learning"
3405,Job Title 3405,"aws, tensorflow, docker, data analysis, pytorch"
3406,Job Title 3406,"tensorflow, cloud computing, react, azure, aws"
3407,Job Title 3407,"data analysis, c++, git, machine learning, aws, java"
3408,Job Title 3408,"kubernetes, fastapi, cloud computing, git, tensorflow, machine learning, html"
3409,Job Title 3409,"azure, c++, docker"
3410,Job Title 3410,"machine learning, pytorch, css, c++, data analysis, linux, sql"
3411,Job Title 3411,"fastapi, tensorflow, azure"
3412,Job Title 3412,"html, aws, pytorch"
3413,Job Title 3413,"javascript, cloud computing, react, machine learning, pytorch, fastapi"
3414,Job Title 3414,"sql, cloud computing, java, tensorflow, kubernetes, aws"
3415,Job Title 3415,"machine learning, css, pytorch, sql, docker, react, html, javascript"
3416,Job Title 3416,"c++, cloud computing, html, aws, machine learning"
3417,Job Title 3417,"cloud computing, docker, javascript, html"
3418,Job Title 3418,"c++, javascript, fastapi, html"
3419,Job Title 3419,"c++, machine learning, kubernetes"
3420,Job Title 3420,"sql, pytorch, docker, css"
3421,Job Title 3421,"react, fastapi, machine learning, css, azure, cloud computing, javascript, docker"
3422,Job Title 3422,"html, azure, data analysis"
3423,Job Title 3423,"git, javascript, linux, cloud computing, fastapi, css, react, docker"
3424,Job Title 3424,"aws, c++, cloud computing, docker, html, pytorch, javascript"
3425,Job Title 3425,"git, react, c++, python"
3426,Job Title 3426,"python, linux, react, css, fastapi, javascript, aws, cloud computing"
3427,Job Title 3427,"c++, html, linux, css, react, sql, cloud computing, tensorflow"
3428,Job Title 3428,"css, python, fastapi, javascript, c++, aws"
3429,Job Title 3429,"python, java, azure, css"
3430,Job Title 3430,"tensorflow, python, java, linux, docker"
3431,Job Title 3431,"linux, data analysis, html, aws, javascript, c++"
3432,Job Title 3432,"data analysis, azure, python, javascript, aws, machine learning"
3433,Job Title 3433,"data analysis, linux, pytorch, c++, react, fastapi"
3434,Job Title 3434,"fastapi, react, cloud computing, machine learning"
3435,Job Title 3435,"kubernetes, pytorch, java, docker, aws"
3436,Job Title 3436,"react, git, html, java"
3437,Job Title 3437,"pytorch, python, javascript, css, tensorflow, machine learning"
3438,Job Title 3438,"sql, python, docker, c++, data analysis, css"
3439,Job Title 3439,"data analysis, java, sql"
3440,Job Title 3440,"javascript, css, java, docker, machine learning, cloud computing, c++, sql"
3441,Job Title 3441,"machine learning, javascript, cloud computing, data analysis, kubernetes"
3442,Job Title 3442,"css, git, tensorflow"
3443,Job Title 3443,"aws, machine learning, tensorflow, javascript, java"
3444,Job Title 3444,"azure, css, c++, linux"
3445,Job Title 3445,"fastapi, css, react, sql"
3446,Job Title 3446,"azure, html, java"
3447,Job Title 3447,"data analysis, cloud computing, tensorflow, machine learning, fastapi, git"
3448,Job Title 3448,"azure, pytorch, javascript, docker, react, css"
3449,Job Title 3449,"react, cloud computing, git, java, machine learning"
3450,Job Title 3450,"linux, fastapi, react, sql, data analysis, javascript, machine learning, git"
3451,Job Title 3451,"python, azure, machine learning, cloud computing, pytorch, aws, docker"
3452,Job Title 3452,"c++, azure, java, git"
3453,Job Title 3453,"pytorch, c++, react, python, sql"
3454,Job Title 3454,"machine learning, java, html, python, tensorflow, cloud computing, sql, react"
3455,Job Title 3455,"azure, cloud computing, react"
3456,Job Title 3456,"azure, kubernetes, linux, html, cloud computing, javascript, css"
3457,Job Title 3457,"html, linux, tensorflow"
3458,Job Title 3458,"css, docker, html"
3459,Job Title 3459,"react, c++, fastapi, java, css, kubernetes, data analysis"
3460,Job Title 3460,"linux, html, kubernetes, aws"
3461,Job Title 3461,"javascript, linux, machine learning, css, aws"
3462,Job Title 3462,"python, css, pytorch, aws, docker, c++, sql, azure"
3463,Job Title 3463,"machine learning, react, fastapi, azure, javascript, data analysis, docker, java"
3464,Job Title 3464,"pytorch, fastapi, machine learning, react, css, azure"
3465,Job Title 3465,"linux, html, java, aws, pytorch"
3466,Job Title 3466,"git, sql, linux"
3467,Job Title 3467,"pytorch, git, linux, c++"
3468,Job Title 3468,"docker, machine learning, html"
3469,Job Title 3469,"python, css, git, html, javascript, kubernetes, machine learning, linux"
3470,Job Title 3470,"machine learning, sql, react, git, javascript, cloud computing, azure, fastapi"
3471,Job Title 3471,"tensorflow, kubernetes, git, javascript, html, css, react"
3472,Job Title 3472,"linux, sql, pytorch, machine learning, fastapi, tensorflow, javascript, c++"
3473,Job Title 3473,"git, docker, python, machine learning"
3474,Job Title 3474,"python, machine learning, docker, data analysis"
3475,Job Title 3475,"html, python, aws, git"
3476,Job Title 3476,"tensorflow, aws, javascript, python, docker, fastapi"
3477,Job Title 3477,"git, kubernetes, c++, tensorflow, machine learning, sql"
3478,Job Title 3478,"css, linux, html, aws, fastapi, tensorflow, pytorch"
3479,Job Title 3479,"react, pytorch, html"
3480,Job Title 3480,"fastapi, aws, linux, machine learning, kubernetes, data analysis, sql"
3481,Job Title 3481,"java, pytorch, javascript, tensorflow"
3482,Job Title 3482,"cloud computing, azure, docker"
3483,Job Title 3483,"docker, aws, azure, data analysis"
3484,Job Title 3484,"machine learning, react, c++, java, linux, javascript, docker"
3485,Job Title 3485,"javascript, git, tensorflow, css, kubernetes, pytorch, python, html"
3486,Job Title 3486,"python, c++, html, sql"
3487,Job Title 3487,"azure, git, tensorflow, c++, aws, machine learning, linux, data analysis"
3488,Job Title 3488,"pytorch, git, kubernetes, css, data analysis, javascript"
3489,Job Title 3489,"kubernetes, azure, docker, python, tensorflow, cloud computing, machine learning, sql"
3490,Job Title 3490,"data analysis, tensorflow, kubernetes, aws"
3491,Job Title 3491,"tensorflow, cloud computing, sql, python, fastapi, javascript, docker"
3492,Job Title 3492,"kubernetes, cloud computing, aws, azure"
3493,Job Title 3493,"data analysis, azure, java, react, python, sql"
3494,Job Title 3494,"aws, pytorch, c++, react"
3495,Job Title 3495,"tensorflow, java, sql, data analysis, git"
3496,Job Title 3496,"javascript, kubernetes, aws, linux, docker"
3497,Job Title 3497,"cloud computing, javascript, machine learning, react, fastapi, pytorch, kubernetes"
3498,Job Title 3498,"react, cloud computing, git"
3499,Job Title 3499,"css, aws, c++, data analysis, azure, kubernetes"
3500,Job Title 3500,"sql, machine learning, c++, javascript, azure"
3501,Job Title 3501,"javascript, java, pytorch"
3502,Job Title 3502,"linux, cloud computing, data analysis, html, css, kubernetes, azure"
3503,Job Title 3503,"aws, git, machine learning, fastapi, javascript, sql"
3504,Job Title 3504,"fastapi, css, kubernetes, react, sql, python"
3505,Job Title 3505,"azure, tensorflow, git, html, pytorch, kubernetes"
3506,Job Title 3506,"machine learning, docker, tensorflow, fastapi, python, c++"
3507,Job Title 3507,"docker, html, data analysis"
3508,Job Title 3508,"cloud computing, pytorch, javascript, linux, data analysis, docker, azure"
3509,Job Title 3509,"python, javascript, data analysis"
3510,Job Title 3510,"pytorch, linux, fastapi, cloud computing, kubernetes, css, java, docker"
3511,Job Title 3511,"git, react, data analysis, pytorch, docker"
3512,Job Title 3512,"machine learning, kubernetes, react, pytorch, linux, sql"
3513,Job Title 3513,"sql, cloud computing, machine learning, azure"
3514,Job Title 3514,"git, aws, fastapi, sql, react, c++, azure, docker"
3515,Job Title 3515,"html, machine learning, git, aws, c++"
3516,Job Title 3516,"docker, cloud computing, javascript, git, c++, java, python, azure"
3517,Job Title 3517,"html, pytorch, python, machine learning"
3518,Job Title 3518,"kubernetes, pytorch, aws, python"
3519,Job Title 3519,"pytorch, python, git"
3520,Job Title 3520,"python, linux, tensorflow, data analysis, azure"
3521,Job Title 3521,"data analysis, react, javascript, tensorflow, pytorch"
3522,Job Title 3522,"tensorflow, python, css, aws, azure, c++"
3523,Job Title 3523,"azure, pytorch, fastapi, python, machine learning, sql, linux, css"
3524,Job Title 3524,"javascript, tensorflow, html, azure, machine learning, git, css, kubernetes"
3525,Job Title 3525,"html, react, tensorflow, java, azure, aws, docker"
3526,Job Title 3526,"linux, machine learning, fastapi, css, sql, docker"
3527,Job Title 3527,"linux, css, react, tensorflow, pytorch, cloud computing"
3528,Job Title 3528,"machine learning, fastapi, tensorflow, pytorch, docker"
3529,Job Title 3529,"python, azure, css, sql, machine learning, pytorch, c++, kubernetes"
3530,Job Title 3530,"java, html, data analysis, c++, css, sql, machine learning, javascript"
3531,Job Title 3531,"data analysis, react, c++, docker"
3532,Job Title 3532,"react, git, fastapi, kubernetes, javascript, c++, linux, cloud computing"
3533,Job Title 3533,"machine learning, tensorflow, java, sql, linux, html, docker, kubernetes"
3534,Job Title 3534,"cloud computing, java, python"
3535,Job Title 3535,"git, react, data analysis, azure, css"
3536,Job Title 3536,"react, python, linux, kubernetes, javascript, cloud computing"
3537,Job Title 3537,"c++, css, kubernetes"
3538,Job Title 3538,"tensorflow, html, sql"
3539,Job Title 3539,"tensorflow, javascript, kubernetes, machine learning, linux, docker, aws, html"
3540,Job Title 3540,"data analysis, kubernetes, pytorch, sql, react, docker"
3541,Job Title 3541,"react, javascript, machine learning, cloud computing, python, java"
3542,Job Title 3542,"html, azure, javascript, c++, kubernetes, css, git"
3543,Job Title 3543,"machine learning, python, html, sql, c++, docker, fastapi"
3544,Job Title 3544,"html, data analysis, kubernetes, java, docker, aws, javascript"
3545,Job Title 3545,"aws, sql, linux"
3546,Job Title 3546,"sql, kubernetes, tensorflow"
3547,Job Title 3547,"aws, linux, kubernetes"
3548,Job Title 3548,"docker, git, sql, c++, fastapi, linux"
3549,Job Title 3549,"cloud computing, machine learning, data analysis, linux, sql"
3550,Job Title 3550,"java, sql, linux, git"
3551,Job Title 3551,"data analysis, c++, azure, git, sql"
3552,Job Title 3552,"javascript, kubernetes, linux"
3553,Job Title 3553,"data analysis, docker, java, aws, machine learning, kubernetes, pytorch"
3554,Job Title 3554,"fastapi, cloud computing, azure, kubernetes, data analysis, css"
3555,Job Title 3555,"git, react, aws, sql, java"
3556,Job Title 3556,"aws, html, css, tensorflow"
3557,Job Title 3557,"pytorch, css, c++, machine learning, java, html, fastapi"
3558,Job Title 3558,"fastapi, c++, python, tensorflow, azure"
3559,Job Title 3559,"java, python, data analysis, docker, css, cloud computing"
3560,Job Title 3560,"fastapi, kubernetes, sql, java, python, git, data analysis"
3561,Job Title 3561,"css, azure, kubernetes, java, docker"
3562,Job Title 3562,"azure, pytorch, aws"
3563,Job Title 3563,"linux, cloud computing, python, git, fastapi"
3564,Job Title 3564,"linux, fastapi, git, c++"
3565,Job Title 3565,"html, sql, cloud computing, azure, machine learning, pytorch, tensorflow"
3566,Job Title 3566,"java, docker, kubernetes, tensorflow, python, machine learning, azure"
3567,Job Title 3567,"aws, java, react, css, fastapi, machine learning, javascript, git"
3568,Job Title 3568,"aws, css, python, sql, docker, linux"
3569,Job Title 3569,"pytorch, sql, tensorflow, machine learning, azure, linux, data analysis"
3570,Job Title 3570,"data analysis, azure, java, pytorch, tensorflow"
3571,Job Title 3571,"java, python, tensorflow, git, data analysis, react, machine learning, azure"
3572,Job Title 3572,"cloud computing, azure, python, pytorch, sql"
3573,Job Title 3573,"react, cloud computing, tensorflow, sql, aws, azure, linux, css"
3574,Job Title 3574,"pytorch, linux, docker, java, fastapi, data analysis, c++, aws"
3575,Job Title 3575,"fastapi, css, aws, sql"
3576,Job Title 3576,"data analysis, sql, python, git, fastapi, kubernetes, java"
3577,Job Title 3577,"c++, cloud computing, python, linux, tensorflow"
3578,Job Title 3578,"machine learning, kubernetes, java, html, cloud computing, sql"
3579,Job Title 3579,"docker, tensorflow, pytorch"
3580,Job Title 3580,"tensorflow, react, fastapi, kubernetes, aws"
3581,Job Title 3581,"java, c++, react, python, css, kubernetes"
3582,Job Title 3582,"react, css, sql, docker, javascript"
3583,Job Title 3583,"fastapi, java, sql, kubernetes, aws"
3584,Job Title 3584,"fastapi, cloud computing, react, sql"
3585,Job Title 3585,"linux, machine learning, javascript, fastapi, sql"
3586,Job Title 3586,"linux, html, react"
3587,Job Title 3587,"sql, python, react, azure, fastapi"
3588,Job Title 3588,"pytorch, react, python"
3589,Job Title 3589,"c++, data analysis, html, fastapi, machine learning, react, linux, aws"
3590,Job Title 3590,"react, python, javascript, kubernetes"
3591,Job Title 3591,"css, java, git, linux, fastapi, html"
3592,Job Title 3592,"tensorflow, docker, fastapi, kubernetes, javascript"
3593,Job Title 3593,"linux, python, react, javascript"
3594,Job Title 3594,"kubernetes, react, sql"
3595,Job Title 3595,"azure, fastapi, java, linux, html, git, docker"
3596,Job Title 3596,"html, css, machine learning"
3597,Job Title 3597,"data analysis, kubernetes, linux, aws, machine learning, javascript, html"
3598,Job Title 3598,"javascript, git, pytorch, kubernetes, data analysis, docker"
3599,Job Title 3599,"css, javascript, linux, git"
3600,Job Title 3600,"html, machine learning, pytorch"
3601,Job Title 3601,"data analysis, machine learning, git"
3602,Job Title 3602,"tensorflow, kubernetes, pytorch, data analysis"
3603,Job Title 3603,"cloud computing, javascript, html, fastapi, git"
3604,Job Title 3604,"git, css, fastapi, cloud computing, kubernetes, c++, javascript"
3605,Job Title 3605,"c++, javascript, linux"
3606,Job Title 3606,"data analysis, docker, kubernetes, tensorflow, react, java, cloud computing, linux"
3607,Job Title 3607,"git, sql, azure, data analysis, aws, css, linux, java"
3608,Job Title 3608,"linux, sql, docker, javascript, fastapi, java"
3609,Job Title 3609,"azure, fastapi, machine learning, html, cloud computing"
3610,Job Title 3610,"html, git, javascript, fastapi"
3611,Job Title 3611,"tensorflow, azure, sql, docker, git, css, aws"
3612,Job Title 3612,"linux, aws, data analysis, git"
3613,Job Title 3613,"css, docker, fastapi"
3614,Job Title 3614,"react, python, machine learning, data analysis, docker, azure, aws"
3615,Job Title 3615,"cloud computing, git, machine learning, azure, react, fastapi, html, css"
3616,Job Title 3616,"kubernetes, azure, cloud computing, docker, git, data analysis"
3617,Job Title 3617,"javascript, html, java, machine learning"
3618,Job Title 3618,"cloud computing, fastapi, kubernetes, python"
3619,Job Title 3619,"cloud computing, java, git, azure"
3620,Job Title 3620,"c++, sql, machine learning, linux"
3621,Job Title 3621,"linux, data analysis, c++, pytorch, aws, git"
3622,Job Title 3622,"git, c++, aws, react, fastapi, html"
3623,Job Title 3623,"data analysis, azure, c++, kubernetes, java, docker, machine learning"
3624,Job Title 3624,"git, javascript, pytorch, react, python"
3625,Job Title 3625,"fastapi, tensorflow, docker, data analysis, pytorch, css, aws"
3626,Job Title 3626,"machine learning, c++, sql, pytorch, git, data analysis, java"
3627,Job Title 3627,"python, css, sql, java, linux, machine learning, kubernetes, tensorflow"
3628,Job Title 3628,"machine learning, data analysis, c++, html"
3629,Job Title 3629,"machine learning, fastapi, pytorch, c++, react, data analysis"
3630,Job Title 3630,"docker, html, fastapi, data analysis, sql"
3631,Job Title 3631,"python, css, react, aws"
3632,Job Title 3632,"python, fastapi, html, machine learning, linux, aws"
3633,Job Title 3633,"cloud computing, react, css, azure, docker, pytorch, git, html"
3634,Job Title 3634,"kubernetes, sql, html, machine learning, c++"
3635,Job Title 3635,"cloud computing, linux, tensorflow, python, c++, java, pytorch, machine learning"
3636,Job Title 3636,"azure, cloud computing, docker, fastapi, git"
3637,Job Title 3637,"react, javascript, css, git, cloud computing, pytorch, data analysis"
3638,Job Title 3638,"aws, react, linux, data analysis"
3639,Job Title 3639,"cloud computing, pytorch, python, docker, sql"
3640,Job Title 3640,"tensorflow, docker, machine learning, linux, sql, aws"
3641,Job Title 3641,"c++, python, docker, java, css"
3642,Job Title 3642,"data analysis, git, aws, pytorch, fastapi, machine learning"
3643,Job Title 3643,"html, kubernetes, aws, c++, pytorch, css"
3644,Job Title 3644,"machine learning, data analysis, pytorch"
3645,Job Title 3645,"data analysis, tensorflow, sql, css, pytorch"
3646,Job Title 3646,"kubernetes, react, linux, docker, sql"
3647,Job Title 3647,"python, machine learning, react, html, azure, aws, linux"
3648,Job Title 3648,"fastapi, javascript, java, cloud computing, docker, css, aws, c++"
3649,Job Title 3649,"tensorflow, machine learning, linux, git, aws"
3650,Job Title 3650,"javascript, cloud computing, tensorflow, pytorch, data analysis"
3651,Job Title 3651,"tensorflow, pytorch, html"
3652,Job Title 3652,"linux, aws, java, docker"
3653,Job Title 3653,"tensorflow, aws, sql, fastapi, git, css, python"
3654,Job Title 3654,"data analysis, tensorflow, aws"
3655,Job Title 3655,"javascript, pytorch, linux"
3656,Job Title 3656,"c++, java, docker, azure, aws, git, python, javascript"
3657,Job Title 3657,"css, cloud computing, sql, c++, pytorch, data analysis"
3658,Job Title 3658,"fastapi, c++, java, css, react"
3659,Job Title 3659,"aws, docker, pytorch, python, c++"
3660,Job Title 3660,"c++, linux, sql, machine learning, fastapi, azure"
3661,Job Title 3661,"fastapi, sql, javascript"
3662,Job Title 3662,"kubernetes, cloud computing, tensorflow, python, css, java, react, javascript"
3663,Job Title 3663,"html, java, c++, git, fastapi, cloud computing, javascript, data analysis"
3664,Job Title 3664,"fastapi, python, data analysis, pytorch, html, react, linux, sql"
3665,Job Title 3665,"pytorch, html, azure, linux, fastapi, docker, aws"
3666,Job Title 3666,"fastapi, kubernetes, css, react, aws, data analysis, sql, c++"
3667,Job Title 3667,"react, data analysis, css, linux"
3668,Job Title 3668,"kubernetes, java, data analysis, tensorflow, pytorch, sql"
3669,Job Title 3669,"linux, pytorch, docker, java"
3670,Job Title 3670,"cloud computing, git, python, aws, javascript, machine learning"
3671,Job Title 3671,"c++, pytorch, fastapi, azure, javascript, aws, sql"
3672,Job Title 3672,"aws, data analysis, react"
3673,Job Title 3673,"css, tensorflow, docker, linux, aws, javascript"
3674,Job Title 3674,"python, data analysis, html, azure"
3675,Job Title 3675,"html, cloud computing, tensorflow, git"
3676,Job Title 3676,"fastapi, git, html, kubernetes, data analysis, azure, tensorflow"
3677,Job Title 3677,"javascript, aws, tensorflow, cloud computing, pytorch, git, sql"
3678,Job Title 3678,"data analysis, c++, tensorflow, java, sql"
3679,Job Title 3679,"java, docker, sql"
3680,Job Title 3680,"python, html, fastapi, docker, aws, sql"
3681,Job Title 3681,"fastapi, c++, cloud computing"
3682,Job Title 3682,"c++, react, tensorflow, docker, kubernetes, css, javascript"
3683,Job Title 3683,"javascript, react, fastapi, sql, data analysis, machine learning, kubernetes"
3684,Job Title 3684,"c++, linux, react"
3685,Job Title 3685,"kubernetes, c++, data analysis"
3686,Job Title 3686,"machine learning, css, aws, sql, pytorch"
3687,Job Title 3687,"css, data analysis, c++, java, pytorch, sql"
3688,Job Title 3688,"tensorflow, pytorch, machine learning, cloud computing, react, c++"
3689,Job Title 3689,"javascript, pytorch, tensorflow, docker, python, sql, java"
3690,Job Title 3690,"machine learning, aws, docker, java"
3691,Job Title 3691,"sql, html, docker, azure, linux, cloud computing, aws, css"
3692,Job Title 3692,"fastapi, python, html, kubernetes, docker, azure"
3693,Job Title 3693,"data analysis, pytorch, sql, c++, linux, react, tensorflow"
3694,Job Title 3694,"tensorflow, machine learning, docker, css, sql, javascript, cloud computing"
3695,Job Title 3695,"c++, machine learning, tensorflow, html, data analysis, docker"
3696,Job Title 3696,"python, javascript, c++, azure"
3697,Job Title 3697,"pytorch, azure, sql, cloud computing"
3698,Job Title 3698,"react, linux, python, docker, html, cloud computing"
3699,Job Title 3699,"kubernetes, html, docker, linux, machine learning, python, aws"
3700,Job Title 3700,"fastapi, git, aws"
3701,Job Title 3701,"c++, react, python, kubernetes, fastapi, linux, data analysis, java"
3702,Job Title 3702,"fastapi, kubernetes, linux, java, azure, docker, css, cloud computing"
3703,Job Title 3703,"c++, html, css, pytorch, react, data analysis, cloud computing"
3704,Job Title 3704,"c++, machine learning, aws, react, sql"
3705,Job Title 3705,"react, fastapi, sql"
3706,Job Title 3706,"git, linux, javascript, fastapi, cloud computing, html"
3707,Job Title 3707,"machine learning, css, fastapi, pytorch, c++, kubernetes, react"
3708,Job Title 3708,"html, css, tensorflow, data analysis, linux"
3709,Job Title 3709,"pytorch, java, data analysis"
3710,Job Title 3710,"git, machine learning, c++, react, docker, azure, aws"
3711,Job Title 3711,"cloud computing, git, linux, azure, sql, css, pytorch, kubernetes"
3712,Job Title 3712,"aws, linux, machine learning"
3713,Job Title 3713,"react, aws, docker"
3714,Job Title 3714,"pytorch, css, git"
3715,Job Title 3715,"cloud computing, javascript, c++, css, docker, java, machine learning"
3716,Job Title 3716,"html, pytorch, aws, azure, javascript"
3717,Job Title 3717,"java, html, kubernetes, aws"
3718,Job Title 3718,"data analysis, react, kubernetes"
3719,Job Title 3719,"tensorflow, html, pytorch, fastapi, java, machine learning, data analysis"
3720,Job Title 3720,"machine learning, kubernetes, python, tensorflow, linux"
3721,Job Title 3721,"azure, java, pytorch, aws, cloud computing, git, kubernetes, data analysis"
3722,Job Title 3722,"html, css, data analysis, tensorflow, git, javascript, linux, sql"
3723,Job Title 3723,"pytorch, data analysis, react, c++, docker"
3724,Job Title 3724,"python, docker, git"
3725,Job Title 3725,"css, docker, python, git, aws, tensorflow"
3726,Job Title 3726,"c++, pytorch, tensorflow"
3727,Job Title 3727,"python, java, c++"
3728,Job Title 3728,"css, machine learning, fastapi, javascript, html, cloud computing"
3729,Job Title 3729,"cloud computing, sql, javascript, data analysis, python, css"
3730,Job Title 3730,"cloud computing, data analysis, fastapi, javascript, kubernetes, linux, python, aws"
3731,Job Title 3731,"css, html, react, git, data analysis, machine learning"
3732,Job Title 3732,"tensorflow, docker, kubernetes, react, sql, html, python"
3733,Job Title 3733,"data analysis, fastapi, linux"
3734,Job Title 3734,"react, css, java, javascript, python, tensorflow"
3735,Job Title 3735,"kubernetes, docker, cloud computing, azure, java"
3736,Job Title 3736,"react, git, java, python, html, machine learning, c++"
3737,Job Title 3737,"c++, azure, sql"
3738,Job Title 3738,"linux, docker, machine learning, javascript, react, html"
3739,Job Title 3739,"linux, sql, machine learning, html"
3740,Job Title 3740,"data analysis, azure, kubernetes, python, java, docker, html, sql"
3741,Job Title 3741,"tensorflow, html, pytorch, kubernetes, css, azure"
3742,Job Title 3742,"javascript, git, pytorch, python"
3743,Job Title 3743,"cloud computing, machine learning, pytorch, c++, azure"
3744,Job Title 3744,"aws, sql, cloud computing, python, c++, java"
3745,Job Title 3745,"azure, c++, tensorflow"
3746,Job Title 3746,"c++, data analysis, react, aws, javascript, html, cloud computing, docker"
3747,Job Title 3747,"c++, java, docker, linux, html, fastapi, javascript, sql"
3748,Job Title 3748,"aws, data analysis, c++, javascript, pytorch, cloud computing, azure"
3749,Job Title 3749,"html, fastapi, css, azure, git, python"
3750,Job Title 3750,"java, pytorch, docker, kubernetes"
3751,Job Title 3751,"c++, html, pytorch, linux"
3752,Job Title 3752,"azure, kubernetes, javascript, css, git, pytorch, fastapi"
3753,Job Title 3753,"aws, react, linux, css"
3754,Job Title 3754,"tensorflow, data analysis, git, linux"
3755,Job Title 3755,"git, cloud computing, data analysis, pytorch"
3756,Job Title 3756,"data analysis, aws, tensorflow"
3757,Job Title 3757,"docker, aws, fastapi, tensorflow, machine learning"
3758,Job Title 3758,"react, kubernetes, aws"
3759,Job Title 3759,"java, docker, tensorflow, azure, python, git, pytorch"
3760,Job Title 3760,"data analysis, machine learning, javascript, git, azure"
3761,Job Title 3761,"data analysis, c++, aws, sql, css"
3762,Job Title 3762,"c++, react, html, docker, python, kubernetes, fastapi, aws"
3763,Job Title 3763,"fastapi, javascript, tensorflow, data analysis"
3764,Job Title 3764,"aws, python, docker"
3765,Job Title 3765,"css, java, sql, python, pytorch, fastapi, git, kubernetes"
3766,Job Title 3766,"kubernetes, html, aws, git, docker"
3767,Job Title 3767,"java, css, react"
3768,Job Title 3768,"docker, html, c++"
3769,Job Title 3769,"fastapi, css, machine learning, html, cloud computing, aws, pytorch, javascript"
3770,Job Title 3770,"html, linux, python, machine learning, react, java, docker"
3771,Job Title 3771,"data analysis, linux, docker, pytorch, azure, css"
3772,Job Title 3772,"python, html, linux, data analysis, java"
3773,Job Title 3773,"aws, css, fastapi"
3774,Job Title 3774,"machine learning, linux, git, aws, fastapi, java, sql"
3775,Job Title 3775,"azure, javascript, css, c++, data analysis, pytorch"
3776,Job Title 3776,"react, git, aws"
3777,Job Title 3777,"c++, kubernetes, azure, docker, data analysis, html"
3778,Job Title 3778,"tensorflow, azure, python, docker, c++, html, aws, data analysis"
3779,Job Title 3779,"docker, sql, linux"
3780,Job Title 3780,"javascript, c++, css, data analysis"
3781,Job Title 3781,"python, fastapi, java, docker, aws, kubernetes, git, react"
3782,Job Title 3782,"cloud computing, python, tensorflow, docker, machine learning, sql, javascript"
3783,Job Title 3783,"kubernetes, azure, python, c++, react"
3784,Job Title 3784,"html, azure, git, python, aws, css"
3785,Job Title 3785,"aws, sql, html, tensorflow"
3786,Job Title 3786,"pytorch, react, kubernetes, azure, machine learning, cloud computing, javascript"
3787,Job Title 3787,"azure, docker, machine learning, tensorflow, linux, javascript, data analysis, react"
3788,Job Title 3788,"azure, sql, fastapi, linux, html"
3789,Job Title 3789,"docker, git, html"
3790,Job Title 3790,"css, react, fastapi, cloud computing"
3791,Job Title 3791,"pytorch, sql, git, aws"
3792,Job Title 3792,"pytorch, cloud computing, machine learning, git, aws, linux"
3793,Job Title 3793,"fastapi, react, pytorch"
3794,Job Title 3794,"git, java, react, sql, machine learning, css, c++"
3795,Job Title 3795,"react, data analysis, html"
3796,Job Title 3796,"sql, c++, docker, tensorflow, machine learning"
3797,Job Title 3797,"cloud computing, machine learning, azure, css, tensorflow"
3798,Job Title 3798,"javascript, react, linux, sql, data analysis, docker, python, fastapi"
3799,Job Title 3799,"css, machine learning, sql, c++, html, fastapi"
3800,Job Title 3800,"azure, pytorch, cloud computing"
3801,Job Title 3801,"kubernetes, docker, python, aws, azure, html, cloud computing, java"
3802,Job Title 3802,"html, c++, css, javascript, aws"
3803,Job Title 3803,"fastapi, kubernetes, css, aws, c++, linux, docker"
3804,Job Title 3804,"javascript, pytorch, kubernetes, git, docker"
3805,Job Title 3805,"cloud computing, c++, sql, docker, react"
3806,Job Title 3806,"linux, cloud computing, pytorch"
3807,Job Title 3807,"html, c++, aws, react"
3808,Job Title 3808,"machine learning, data analysis, html, aws"
3809,Job Title 3809,"aws, azure, c++, git"
3810,Job Title 3810,"javascript, pytorch, c++, kubernetes, cloud computing"
3811,Job Title 3811,"kubernetes, c++, java, aws, react"
3812,Job Title 3812,"html, sql, c++, python, git, react, linux, data analysis"
3813,Job Title 3813,"aws, git, fastapi, machine learning, python, c++"
3814,Job Title 3814,"machine learning, fastapi, javascript"
3815,Job Title 3815,"html, kubernetes, java, data analysis"
3816,Job Title 3816,"python, react, cloud computing, javascript, azure, git"
3817,Job Title 3817,"cloud computing, pytorch, c++, java"
3818,Job Title 3818,"cloud computing, css, javascript"
3819,Job Title 3819,"javascript, data analysis, git, azure, css"
3820,Job Title 3820,"machine learning, azure, fastapi, pytorch, react"
3821,Job Title 3821,"docker, fastapi, kubernetes, javascript, sql, azure"
3822,Job Title 3822,"kubernetes, linux, docker, data analysis, git, pytorch"
3823,Job Title 3823,"pytorch, react, css, azure, html"
3824,Job Title 3824,"tensorflow, javascript, pytorch"
3825,Job Title 3825,"kubernetes, azure, data analysis"
3826,Job Title 3826,"pytorch, javascript, java, css"
3827,Job Title 3827,"javascript, react, azure"
3828,Job Title 3828,"fastapi, machine learning, cloud computing, css"
3829,Job Title 3829,"react, javascript, tensorflow, html, cloud computing, kubernetes"
3830,Job Title 3830,"c++, data analysis, react"
3831,Job Title 3831,"linux, java, docker, fastapi, css, machine learning"
3832,Job Title 3832,"pytorch, machine learning, c++"
3833,Job Title 3833,"azure, tensorflow, cloud computing, kubernetes, sql, java, css"
3834,Job Title 3834,"git, fastapi, docker, machine learning"
3835,Job Title 3835,"python, azure, docker, sql"
3836,Job Title 3836,"cloud computing, javascript, fastapi"
3837,Job Title 3837,"html, sql, data analysis, machine learning, python, kubernetes"
3838,Job Title 3838,"fastapi, javascript, git, css"
3839,Job Title 3839,"css, machine learning, aws, react"
3840,Job Title 3840,"kubernetes, python, linux"
3841,Job Title 3841,"cloud computing, sql, pytorch, git"
3842,Job Title 3842,"linux, css, kubernetes, javascript, java, c++, machine learning"
3843,Job Title 3843,"linux, git, data analysis"
3844,Job Title 3844,"pytorch, machine learning, azure"
3845,Job Title 3845,"python, java, sql, machine learning"
3846,Job Title 3846,"aws, machine learning, azure, python, docker, data analysis, javascript"
3847,Job Title 3847,"fastapi, azure, java"
3848,Job Title 3848,"tensorflow, javascript, html"
3849,Job Title 3849,"docker, react, tensorflow, pytorch"
3850,Job Title 3850,"python, react, azure, java, html, cloud computing, sql, git"
3851,Job Title 3851,"pytorch, react, html, git, data analysis"
3852,Job Title 3852,"sql, tensorflow, java, python, pytorch"
3853,Job Title 3853,"cloud computing, tensorflow, aws, react, c++"
3854,Job Title 3854,"kubernetes, fastapi, docker, java, tensorflow, sql, react, css"
3855,Job Title 3855,"react, azure, cloud computing, sql, c++, python, pytorch, html"
3856,Job Title 3856,"cloud computing, git, python"
3857,Job Title 3857,"pytorch, fastapi, html, data analysis"
3858,Job Title 3858,"azure, cloud computing, docker, aws, react, javascript, machine learning"
3859,Job Title 3859,"java, aws, tensorflow, pytorch, data analysis"
3860,Job Title 3860,"aws, tensorflow, linux, c++"
3861,Job Title 3861,"tensorflow, css, pytorch, react, data analysis, c++, git"
3862,Job Title 3862,"tensorflow, java, pytorch"
3863,Job Title 3863,"aws, machine learning, azure, react"
3864,Job Title 3864,"data analysis, html, aws, java, fastapi, javascript, css, react"
3865,Job Title 3865,"pytorch, sql, fastapi, azure, react, machine learning, html"
3866,Job Title 3866,"aws, azure, linux, python, sql"
3867,Job Title 3867,"docker, html, cloud computing"
3868,Job Title 3868,"linux, machine learning, data analysis, python"
3869,Job Title 3869,"azure, html, java, css, c++, linux"
3870,Job Title 3870,"sql, tensorflow, machine learning, javascript, aws, pytorch, html, docker"
3871,Job Title 3871,"docker, kubernetes, cloud computing, tensorflow, fastapi"
3872,Job Title 3872,"html, css, java, c++, data analysis, kubernetes, react"
3873,Job Title 3873,"javascript, c++, python"
3874,Job Title 3874,"pytorch, python, tensorflow, react, git, cloud computing, css, sql"
3875,Job Title 3875,"css, sql, azure, data analysis, c++, kubernetes, aws"
3876,Job Title 3876,"kubernetes, c++, tensorflow, cloud computing, data analysis"
3877,Job Title 3877,"cloud computing, fastapi, python, tensorflow, html"
3878,Job Title 3878,"data analysis, cloud computing, css, git, fastapi"
3879,Job Title 3879,"c++, sql, git, react"
3880,Job Title 3880,"aws, tensorflow, html, machine learning, azure, sql, fastapi, cloud computing"
3881,Job Title 3881,"git, fastapi, react, css, tensorflow"
3882,Job Title 3882,"css, javascript, html, sql, pytorch, cloud computing, react, machine learning"
3883,Job Title 3883,"data analysis, fastapi, git, css, javascript"
3884,Job Title 3884,"kubernetes, azure, pytorch, css, html, tensorflow"
3885,Job Title 3885,"python, c++, pytorch"
3886,Job Title 3886,"sql, machine learning, cloud computing, css, docker, azure, linux, html"
3887,Job Title 3887,"git, aws, pytorch"
3888,Job Title 3888,"python, html, docker"
3889,Job Title 3889,"tensorflow, aws, cloud computing, docker, git"
3890,Job Title 3890,"fastapi, python, css, java, machine learning"
3891,Job Title 3891,"kubernetes, python, cloud computing, html, docker, pytorch, azure, fastapi"
3892,Job Title 3892,"python, tensorflow, cloud computing, docker, pytorch, c++, azure, data analysis"
3893,Job Title 3893,"react, pytorch, c++, javascript, cloud computing, machine learning"
3894,Job Title 3894,"git, kubernetes, data analysis, c++, java"
3895,Job Title 3895,"css, kubernetes, docker, machine learning, sql, c++, html"
3896,Job Title 3896,"azure, git, kubernetes, java, linux, css"
3897,Job Title 3897,"tensorflow, azure, machine learning, pytorch, react, html"
3898,Job Title 3898,"python, javascript, azure, machine learning, fastapi, linux, react, c++"
3899,Job Title 3899,"aws, html, fastapi, docker, azure"
3900,Job Title 3900,"tensorflow, fastapi, python, pytorch"
3901,Job Title 3901,"machine learning, python, html, docker, git, fastapi, tensorflow, aws"
3902,Job Title 3902,"git, data analysis, aws, tensorflow, azure"
3903,Job Title 3903,"kubernetes, machine learning, aws, fastapi, linux, python, sql, tensorflow"
3904,Job Title 3904,"javascript, azure, python, fastapi, cloud computing, c++, html"
3905,Job Title 3905,"fastapi, pytorch, c++, git, css"
3906,Job Title 3906,"fastapi, html, javascript, kubernetes"
3907,Job Title 3907,"fastapi, sql, css, data analysis, html, git, kubernetes"
3908,Job Title 3908,"git, tensorflow, c++, linux"
3909,Job Title 3909,"azure, html, kubernetes"
3910,Job Title 3910,"java, aws, c++"
3911,Job Title 3911,"html, azure, linux, kubernetes, react, machine learning, c++, fastapi"
3912,Job Title 3912,"fastapi, java, data analysis, python, tensorflow, git, css"
3913,Job Title 3913,"docker, react, tensorflow, javascript, aws, linux, fastapi, pytorch"
3914,Job Title 3914,"sql, html, cloud computing, aws, react, javascript, tensorflow"
3915,Job Title 3915,"git, linux, sql, pytorch, machine learning, fastapi, docker, azure"
3916,Job Title 3916,"java, tensorflow, react, kubernetes, azure, linux"
3917,Job Title 3917,"kubernetes, tensorflow, html, azure, data analysis"
3918,Job Title 3918,"git, tensorflow, javascript, cloud computing, css, aws, c++, machine learning"
3919,Job Title 3919,"java, react, cloud computing, fastapi, git"
3920,Job Title 3920,"java, python, linux, docker, fastapi, machine learning, git"
3921,Job Title 3921,"docker, javascript, data analysis, fastapi, aws, azure, machine learning, pytorch"
3922,Job Title 3922,"machine learning, python, linux"
3923,Job Title 3923,"docker, kubernetes, react"
3924,Job Title 3924,"fastapi, data analysis, html, linux"
3925,Job Title 3925,"fastapi, aws, git, kubernetes, cloud computing"
3926,Job Title 3926,"docker, kubernetes, java, javascript, cloud computing, c++"
3927,Job Title 3927,"git, c++, fastapi, cloud computing, react, pytorch"
3928,Job Title 3928,"sql, linux, docker, css, tensorflow, c++"
3929,Job Title 3929,"react, sql, linux"
3930,Job Title 3930,"java, linux, git"
3931,Job Title 3931,"azure, pytorch, docker, java, javascript, python, data analysis"
3932,Job Title 3932,"react, c++, html"
3933,Job Title 3933,"cloud computing, fastapi, machine learning, html"
3934,Job Title 3934,"python, html, java"
3935,Job Title 3935,"kubernetes, css, git"
3936,Job Title 3936,"linux, docker, fastapi, git"
3937,Job Title 3937,"python, data analysis, html, react, css, aws"
3938,Job Title 3938,"javascript, cloud computing, docker, machine learning, c++, tensorflow, git"
3939,Job Title 3939,"tensorflow, git, css, azure, aws, c++, javascript"
3940,Job Title 3940,"git, javascript, aws, docker, pytorch"
3941,Job Title 3941,"azure, javascript, kubernetes, tensorflow, c++, sql"
3942,Job Title 3942,"docker, python, css, git, kubernetes, html, linux, java"
3943,Job Title 3943,"tensorflow, docker, machine learning, azure, java"
3944,Job Title 3944,"java, docker, pytorch, tensorflow, sql, c++, javascript"
3945,Job Title 3945,"css, javascript, cloud computing, azure, python, aws, pytorch"
3946,Job Title 3946,"react, docker, tensorflow, java, data analysis, fastapi"
3947,Job Title 3947,"react, html, css, data analysis, docker"
3948,Job Title 3948,"kubernetes, html, pytorch"
3949,Job Title 3949,"javascript, tensorflow, git, cloud computing"
3950,Job Title 3950,"data analysis, sql, javascript, react, aws, css"
3951,Job Title 3951,"python, git, tensorflow, machine learning"
3952,Job Title 3952,"tensorflow, css, pytorch, aws, sql"
3953,Job Title 3953,"aws, linux, html"
3954,Job Title 3954,"docker, git, fastapi, python"
3955,Job Title 3955,"css, cloud computing, git, sql"
3956,Job Title 3956,"git, c++, tensorflow, java, html, aws, python, react"
3957,Job Title 3957,"kubernetes, tensorflow, pytorch, java, aws, react, html, c++"
3958,Job Title 3958,"docker, aws, pytorch"
3959,Job Title 3959,"css, javascript, react"
3960,Job Title 3960,"aws, css, pytorch"
3961,Job Title 3961,"docker, pytorch, sql, kubernetes, aws, html, machine learning, c++"
3962,Job Title 3962,"pytorch, git, aws"
3963,Job Title 3963,"fastapi, css, git, sql, docker"
3964,Job Title 3964,"docker, git, machine learning, fastapi"
3965,Job Title 3965,"html, react, cloud computing"
3966,Job Title 3966,"azure, python, git"
3967,Job Title 3967,"python, docker, git, javascript, azure, sql"
3968,Job Title 3968,"fastapi, css, cloud computing, docker"
3969,Job Title 3969,"tensorflow, aws, react, azure"
3970,Job Title 3970,"css, pytorch, fastapi"
3971,Job Title 3971,"fastapi, linux, c++, kubernetes, data analysis, css, html, sql"
3972,Job Title 3972,"linux, cloud computing, pytorch, java, kubernetes, machine learning, c++, react"
3973,Job Title 3973,"c++, react, cloud computing, git, data analysis"
3974,Job Title 3974,"sql, aws, html, python, docker, azure"
3975,Job Title 3975,"cloud computing, html, data analysis, kubernetes"
3976,Job Title 3976,"machine learning, html, javascript"
3977,Job Title 3977,"machine learning, react, kubernetes, fastapi, sql, css"
3978,Job Title 3978,"java, git, sql, cloud computing, javascript, python, react"
3979,Job Title 3979,"machine learning, react, html, docker, linux"
3980,Job Title 3980,"azure, tensorflow, git"
3981,Job Title 3981,"css, react, tensorflow, c++, fastapi, data analysis, machine learning, html"
3982,Job Title 3982,"azure, javascript, react, git, html"
3983,Job Title 3983,"react, aws, css, sql, pytorch, javascript, machine learning, git"
3984,Job Title 3984,"java, aws, react, docker, git, linux, data analysis, css"
3985,Job Title 3985,"kubernetes, git, sql, java, aws, data analysis, c++, css"
3986,Job Title 3986,"c++, sql, azure, python, java, linux, fastapi, machine learning"
3987,Job Title 3987,"html, c++, tensorflow"
3988,Job Title 3988,"c++, pytorch, fastapi, machine learning"
3989,Job Title 3989,"css, fastapi, react, docker"
3990,Job Title 3990,"java, fastapi, cloud computing, css"
3991,Job Title 3991,"data analysis, python, linux, css, git"
3992,Job Title 3992,"azure, tensorflow, docker, machine learning, aws, git"
3993,Job Title 3993,"javascript, react, fastapi, html, kubernetes, linux, css"
3994,Job Title 3994,"c++, java, tensorflow"
3995,Job Title 3995,"python, aws, cloud computing"
3996,Job Title 3996,"react, linux, python"
3997,Job Title 3997,"html, machine learning, kubernetes, fastapi, c++, cloud computing, pytorch"
3998,Job Title 3998,"data analysis, javascript, fastapi, machine learning, kubernetes, css, java"
3999,Job Title 3999,"html, cloud computing, javascript, java"
4000,Job Title 4000,"aws, docker, javascript, react, fastapi, tensorflow, css, pytorch"
4001,Job Title 4001,"pytorch, javascript, data analysis, html, cloud computing"
4002,Job Title 4002,"docker, react, c++, git"
4003,Job Title 4003,"aws, python, html, c++, pytorch, react"
4004,Job Title 4004,"javascript, pytorch, react, tensorflow, css, machine learning"
4005,Job Title 4005,"java, docker, python, machine learning, c++"
4006,Job Title 4006,"sql, pytorch, data analysis"
4007,Job Title 4007,"pytorch, docker, azure, kubernetes, machine learning, sql, html, linux"
4008,Job Title 4008,"java, linux, css, html, pytorch"
4009,Job Title 4009,"kubernetes, git, python, css, aws"
4010,Job Title 4010,"python, aws, css, cloud computing, c++, linux, git"
4011,Job Title 4011,"fastapi, docker, sql, machine learning, c++, css"
4012,Job Title 4012,"react, data analysis, docker, aws"
4013,Job Title 4013,"c++, css, react, docker, machine learning"
4014,Job Title 4014,"javascript, cloud computing, c++, fastapi, java, machine learning, aws, sql"
4015,Job Title 4015,"css, data analysis, tensorflow"
4016,Job Title 4016,"pytorch, javascript, fastapi, kubernetes, c++, linux, sql"
4017,Job Title 4017,"html, git, java, cloud computing, data analysis, javascript, machine learning"
4018,Job Title 4018,"kubernetes, tensorflow, sql, react, cloud computing"
4019,Job Title 4019,"linux, machine learning, cloud computing, kubernetes, git, python, pytorch"
4020,Job Title 4020,"azure, kubernetes, python, git, pytorch, aws"
4021,Job Title 4021,"fastapi, tensorflow, javascript, python, css, sql"
4022,Job Title 4022,"docker, java, python, javascript, c++, react"
4023,Job Title 4023,"html, javascript, react, machine learning, fastapi, java, aws, git"
4024,Job Title 4024,"fastapi, kubernetes, javascript, java, azure, aws, docker"
4025,Job Title 4025,"html, data analysis, react, aws, c++, css, machine learning"
4026,Job Title 4026,"git, python, machine learning, html"
4027,Job Title 4027,"html, git, machine learning, react, c++, css, sql, pytorch"
4028,Job Title 4028,"sql, linux, react, tensorflow, fastapi, docker"
4029,Job Title 4029,"c++, css, pytorch"
4030,Job Title 4030,"python, cloud computing, c++, linux, azure, docker"
4031,Job Title 4031,"react, azure, fastapi"
4032,Job Title 4032,"machine learning, linux, react, java, c++"
4033,Job Title 4033,"react, pytorch, git, cloud computing"
4034,Job Title 4034,"c++, python, java, tensorflow, css"
4035,Job Title 4035,"tensorflow, machine learning, python"
4036,Job Title 4036,"java, css, python"
4037,Job Title 4037,"docker, react, sql"
4038,Job Title 4038,"aws, sql, pytorch, linux, machine learning, fastapi"
4039,Job Title 4039,"fastapi, java, javascript, git, c++"
4040,Job Title 4040,"tensorflow, python, data analysis, javascript"
4041,Job Title 4041,"kubernetes, fastapi, react, docker, pytorch"
4042,Job Title 4042,"machine learning, fastapi, azure, react, linux, python, tensorflow, docker"
4043,Job Title 4043,"html, c++, javascript, sql, kubernetes, machine learning, azure"
4044,Job Title 4044,"docker, react, css, cloud computing, kubernetes, data analysis, c++"
4045,Job Title 4045,"kubernetes, cloud computing, tensorflow, aws, git, docker"
4046,Job Title 4046,"docker, python, css, azure, kubernetes, html, javascript"
4047,Job Title 4047,"aws, java, fastapi, git, data analysis, docker, c++, javascript"
4048,Job Title 4048,"pytorch, html, c++, data analysis, docker, cloud computing"
4049,Job Title 4049,"azure, data analysis, machine learning, pytorch, sql, fastapi, cloud computing"
4050,Job Title 4050,"sql, java, react"
4051,Job Title 4051,"kubernetes, html, pytorch, javascript"
4052,Job Title 4052,"docker, java, aws, tensorflow, git, pytorch"
4053,Job Title 4053,"javascript, css, sql, pytorch"
4054,Job Title 4054,"pytorch, html, machine learning, git, sql, fastapi"
4055,Job Title 4055,"cloud computing, fastapi, machine learning"
4056,Job Title 4056,"aws, cloud computing, javascript, pytorch"
4057,Job Title 4057,"cloud computing, c++, azure, sql"
4058,Job Title 4058,"css, data analysis, docker, c++"
4059,Job Title 4059,"sql, react, python, javascript, data analysis, fastapi, pytorch"
4060,Job Title 4060,"cloud computing, html, azure, kubernetes"
4061,Job Title 4061,"kubernetes, c++, python, fastapi, html, sql"
4062,Job Title 4062,"kubernetes, react, azure, javascript, data analysis, docker, sql, c++"
4063,Job Title 4063,"git, css, tensorflow, aws, machine learning, docker, python, html"
4064,Job Title 4064,"c++, javascript, html, kubernetes, docker, react, tensorflow"
4065,Job Title 4065,"css, react, azure, python, sql, tensorflow"
4066,Job Title 4066,"kubernetes, git, javascript, pytorch, sql, react"
4067,Job Title 4067,"sql, css, pytorch, git, kubernetes, fastapi, react, html"
4068,Job Title 4068,"java, html, cloud computing, machine learning, pytorch, fastapi, css"
4069,Job Title 4069,"sql, java, kubernetes, python"
4070,Job Title 4070,"pytorch, data analysis, linux, tensorflow, python, html"
4071,Job Title 4071,"react, c++, fastapi, java, linux, aws"
4072,Job Title 4072,"azure, react, python, kubernetes, git, sql"
4073,Job Title 4073,"java, css, fastapi"
4074,Job Title 4074,"azure, css, c++, tensorflow"
4075,Job Title 4075,"fastapi, cloud computing, pytorch, html, machine learning, linux, css"
4076,Job Title 4076,"aws, c++, python, kubernetes, javascript, pytorch, css"
4077,Job Title 4077,"machine learning, data analysis, html, javascript, azure, kubernetes"
4078,Job Title 4078,"css, java, docker, machine learning"
4079,Job Title 4079,"machine learning, azure, pytorch, c++, data analysis, react"
4080,Job Title 4080,"docker, react, data analysis, fastapi, css, sql"
4081,Job Title 4081,"pytorch, docker, tensorflow, linux, sql, python, react"
4082,Job Title 4082,"machine learning, css, html, python, aws"
4083,Job Title 4083,"aws, c++, machine learning, azure, javascript, python, tensorflow, kubernetes"
4084,Job Title 4084,"css, data analysis, docker, cloud computing"
4085,Job Title 4085,"docker, fastapi, cloud computing, data analysis, python"
4086,Job Title 4086,"machine learning, sql, data analysis, java, css, linux, git"
4087,Job Title 4087,"docker, aws, sql, java, pytorch, python"
4088,Job Title 4088,"azure, css, python, java, kubernetes"
4089,Job Title 4089,"javascript, azure, docker, c++, react, cloud computing, html"
4090,Job Title 4090,"javascript, docker, pytorch, tensorflow"
4091,Job Title 4091,"machine learning, html, data analysis, linux, c++"
4092,Job Title 4092,"javascript, git, linux, react"
4093,Job Title 4093,"data analysis, c++, sql, docker, aws, linux, react"
4094,Job Title 4094,"c++, css, python, fastapi, java, azure, sql"
4095,Job Title 4095,"cloud computing, data analysis, html, c++, linux"
4096,Job Title 4096,"java, cloud computing, html, sql"
4097,Job Title 4097,"python, tensorflow, java, html, cloud computing, c++, sql, kubernetes"
4098,Job Title 4098,"java, python, react"
4099,Job Title 4099,"java, fastapi, sql, aws, docker, git"
4100,Job Title 4100,"c++, python, machine learning, azure"
4101,Job Title 4101,"cloud computing, fastapi, data analysis, python, azure, pytorch, git"
4102,Job Title 4102,"javascript, c++, cloud computing, java, fastapi, css"
4103,Job Title 4103,"react, machine learning, linux, html, css, c++"
4104,Job Title 4104,"machine learning, python, java, data analysis, cloud computing, azure"
4105,Job Title 4105,"python, java, sql, docker, aws, git, machine learning"
4106,Job Title 4106,"cloud computing, data analysis, kubernetes, java, git, aws, react"
4107,Job Title 4107,"azure, tensorflow, git, javascript"
4108,Job Title 4108,"linux, fastapi, data analysis, tensorflow"
4109,Job Title 4109,"data analysis, css, azure, html, java"
4110,Job Title 4110,"git, sql, javascript, aws, tensorflow, machine learning, python, kubernetes"
4111,Job Title 4111,"kubernetes, python, css, linux, fastapi, cloud computing"
4112,Job Title 4112,"tensorflow, pytorch, java, git, fastapi, machine learning, cloud computing"
4113,Job Title 4113,"git, css, tensorflow, aws, kubernetes, azure, python, c++"
4114,Job Title 4114,"kubernetes, javascript, git"
4115,Job Title 4115,"git, sql, data analysis, azure, linux, fastapi"
4116,Job Title 4116,"cloud computing, fastapi, data analysis, tensorflow, azure, aws, c++"
4117,Job Title 4117,"pytorch, tensorflow, html, data analysis, css"
4118,Job Title 4118,"git, data analysis, react, azure, kubernetes, html, css"
4119,Job Title 4119,"python, java, azure, css, html, cloud computing, javascript, linux"
4120,Job Title 4120,"python, git, data analysis, aws, docker"
4121,Job Title 4121,"aws, c++, azure, git, data analysis, machine learning, docker, react"
4122,Job Title 4122,"python, sql, aws, javascript, css"
4123,Job Title 4123,"cloud computing, sql, html"
4124,Job Title 4124,"javascript, tensorflow, python, cloud computing, fastapi, docker, git, azure"
4125,Job Title 4125,"data analysis, cloud computing, c++, git, fastapi, pytorch, linux"
4126,Job Title 4126,"tensorflow, fastapi, cloud computing, git, sql, pytorch, javascript, html"
4127,Job Title 4127,"sql, css, html"
4128,Job Title 4128,"javascript, fastapi, linux, tensorflow, react"
4129,Job Title 4129,"python, git, azure, react, fastapi"
4130,Job Title 4130,"css, kubernetes, aws"
4131,Job Title 4131,"fastapi, kubernetes, cloud computing, react, docker, html"
4132,Job Title 4132,"cloud computing, kubernetes, machine learning, c++, java"
4133,Job Title 4133,"machine learning, html, kubernetes, azure, aws"
4134,Job Title 4134,"javascript, machine learning, html, linux, aws, azure, data analysis"
4135,Job Title 4135,"python, react, tensorflow, javascript, fastapi, sql, docker, azure"
4136,Job Title 4136,"python, html, azure"
4137,Job Title 4137,"pytorch, git, docker, kubernetes, css, fastapi, linux, sql"
4138,Job Title 4138,"python, docker, aws, fastapi, linux"
4139,Job Title 4139,"docker, css, machine learning, data analysis, azure, react, cloud computing, java"
4140,Job Title 4140,"c++, git, tensorflow"
4141,Job Title 4141,"python, react, fastapi"
4142,Job Title 4142,"sql, react, git, machine learning"
4143,Job Title 4143,"fastapi, cloud computing, kubernetes, pytorch, python"
4144,Job Title 4144,"react, css, git, kubernetes, cloud computing, pytorch"
4145,Job Title 4145,"python, fastapi, css, data analysis, git, sql"
4146,Job Title 4146,"tensorflow, git, machine learning, azure, kubernetes, javascript, cloud computing"
4147,Job Title 4147,"fastapi, css, html, c++, azure, git, react"
4148,Job Title 4148,"cloud computing, git, aws, javascript, java"
4149,Job Title 4149,"data analysis, sql, javascript"
4150,Job Title 4150,"git, html, data analysis, sql, azure, javascript, css, react"
4151,Job Title 4151,"machine learning, aws, sql, azure, cloud computing, linux, c++"
4152,Job Title 4152,"python, docker, pytorch"
4153,Job Title 4153,"html, kubernetes, aws"
4154,Job Title 4154,"linux, cloud computing, azure, kubernetes, git"
4155,Job Title 4155,"kubernetes, machine learning, javascript, data analysis, css, html"
4156,Job Title 4156,"docker, aws, cloud computing, linux, machine learning, java"
4157,Job Title 4157,"python, fastapi, cloud computing, machine learning, aws, html"
4158,Job Title 4158,"c++, javascript, html, machine learning"
4159,Job Title 4159,"css, fastapi, kubernetes, javascript, docker, azure, tensorflow"
4160,Job Title 4160,"tensorflow, docker, javascript, python, java, cloud computing, html"
4161,Job Title 4161,"aws, java, react, css"
4162,Job Title 4162,"pytorch, fastapi, cloud computing, docker"
4163,Job Title 4163,"c++, machine learning, azure"
4164,Job Title 4164,"linux, docker, react"
4165,Job Title 4165,"data analysis, pytorch, c++, docker, sql, git"
4166,Job Title 4166,"docker, data analysis, python, css, kubernetes, java, git"
4167,Job Title 4167,"kubernetes, aws, sql, css, tensorflow, c++, html, cloud computing"
4168,Job Title 4168,"machine learning, tensorflow, azure, aws, docker, fastapi"
4169,Job Title 4169,"fastapi, git, java, aws, docker, cloud computing, tensorflow, javascript"
4170,Job Title 4170,"azure, css, javascript, kubernetes"
4171,Job Title 4171,"react, azure, sql, git, aws, kubernetes, machine learning, c++"
4172,Job Title 4172,"css, azure, git, pytorch, html, fastapi"
4173,Job Title 4173,"java, aws, pytorch, c++"
4174,Job Title 4174,"c++, kubernetes, docker, linux, html, cloud computing, java, sql"
4175,Job Title 4175,"azure, kubernetes, linux, sql, aws"
4176,Job Title 4176,"machine learning, pytorch, sql, kubernetes, aws, fastapi"
4177,Job Title 4177,"sql, pytorch, git, css, java, docker"
4178,Job Title 4178,"java, cloud computing, css, git, azure"
4179,Job Title 4179,"c++, linux, tensorflow, javascript, html, sql, java, docker"
4180,Job Title 4180,"git, azure, linux, docker, java, react, aws, kubernetes"
4181,Job Title 4181,"git, fastapi, data analysis, tensorflow, linux, aws"
4182,Job Title 4182,"c++, javascript, kubernetes, html, machine learning, git"
4183,Job Title 4183,"python, css, linux, aws, docker, sql, pytorch"
4184,Job Title 4184,"css, sql, c++, tensorflow, data analysis, linux"
4185,Job Title 4185,"css, docker, cloud computing, pytorch, react, tensorflow"
4186,Job Title 4186,"git, kubernetes, aws, html, javascript, docker, css, tensorflow"
4187,Job Title 4187,"machine learning, python, react, docker"
4188,Job Title 4188,"html, pytorch, java, machine learning, kubernetes, cloud computing, docker"
4189,Job Title 4189,"javascript, sql, linux, azure, pytorch, tensorflow, data analysis"
4190,Job Title 4190,"azure, tensorflow, pytorch, react, docker, fastapi, python, css"
4191,Job Title 4191,"data analysis, sql, tensorflow, html"
4192,Job Title 4192,"react, aws, cloud computing, pytorch, javascript"
4193,Job Title 4193,"git, java, python, javascript"
4194,Job Title 4194,"python, css, cloud computing, linux"
4195,Job Title 4195,"linux, c++, data analysis"
4196,Job Title 4196,"tensorflow, html, linux, javascript, c++, docker, sql, react"
4197,Job Title 4197,"react, azure, c++, data analysis, java, kubernetes"
4198,Job Title 4198,"azure, html, pytorch"
4199,Job Title 4199,"linux, c++, css"
4200,Job Title 4200,"git, data analysis, aws, tensorflow, docker, cloud computing"
4201,Job Title 4201,"data analysis, pytorch, machine learning, html, git"
4202,Job Title 4202,"java, kubernetes, data analysis, html, python"
4203,Job Title 4203,"c++, sql, html, git, linux"
4204,Job Title 4204,"docker, cloud computing, kubernetes, aws, fastapi"
4205,Job Title 4205,"azure, html, git, docker, css, javascript, sql"
4206,Job Title 4206,"machine learning, css, linux, aws, react, azure"
4207,Job Title 4207,"machine learning, data analysis, react, git, aws, kubernetes, tensorflow, python"
4208,Job Title 4208,"fastapi, tensorflow, react, sql, machine learning, c++, python, javascript"
4209,Job Title 4209,"pytorch, java, azure, kubernetes, sql"
4210,Job Title 4210,"aws, sql, c++, java, machine learning"
4211,Job Title 4211,"css, html, java, data analysis"
4212,Job Title 4212,"c++, cloud computing, azure, javascript, docker, tensorflow, java"
4213,Job Title 4213,"machine learning, sql, react, cloud computing"
4214,Job Title 4214,"tensorflow, machine learning, sql, pytorch, fastapi, react"
4215,Job Title 4215,"javascript, tensorflow, python, data analysis, git, kubernetes, azure, css"
4216,Job Title 4216,"sql, aws, pytorch, java, css, data analysis"
4217,Job Title 4217,"java, python, kubernetes, data analysis, html, linux"
4218,Job Title 4218,"javascript, azure, git, react, kubernetes"
4219,Job Title 4219,"sql, tensorflow, kubernetes, c++, docker, cloud computing, html"
4220,Job Title 4220,"linux, data analysis, java"
4221,Job Title 4221,"azure, kubernetes, html, machine learning, sql, css, react"
4222,Job Title 4222,"linux, cloud computing, machine learning, css, python, javascript, git, aws"
4223,Job Title 4223,"tensorflow, javascript, linux, docker, python, c++, azure"
4224,Job Title 4224,"html, linux, machine learning, css, python, aws, data analysis, react"
4225,Job Title 4225,"javascript, java, linux, c++, sql"
4226,Job Title 4226,"kubernetes, data analysis, aws, java, python, tensorflow, pytorch, cloud computing"
4227,Job Title 4227,"linux, c++, data analysis, sql"
4228,Job Title 4228,"c++, docker, javascript, git"
4229,Job Title 4229,"docker, linux, html"
4230,Job Title 4230,"css, sql, git, tensorflow, data analysis, cloud computing, java, aws"
4231,Job Title 4231,"javascript, linux, cloud computing"
4232,Job Title 4232,"java, machine learning, aws, python"
4233,Job Title 4233,"azure, css, data analysis, docker, cloud computing, sql"
4234,Job Title 4234,"c++, docker, java, data analysis, machine learning, aws, css"
4235,Job Title 4235,"git, javascript, c++"
4236,Job Title 4236,"aws, java, kubernetes"
4237,Job Title 4237,"tensorflow, azure, data analysis, python, html"
4238,Job Title 4238,"azure, python, html, aws, sql, java"
4239,Job Title 4239,"css, machine learning, aws, c++, react, kubernetes"
4240,Job Title 4240,"tensorflow, react, docker, javascript"
4241,Job Title 4241,"c++, cloud computing, python, java, pytorch, javascript, git"
4242,Job Title 4242,"java, fastapi, python, sql, css, javascript"
4243,Job Title 4243,"data analysis, java, cloud computing, tensorflow, fastapi, react, git"
4244,Job Title 4244,"azure, pytorch, python, fastapi, cloud computing, c++, react, data analysis"
4245,Job Title 4245,"java, javascript, cloud computing, machine learning, react, linux, tensorflow, data analysis"
4246,Job Title 4246,"aws, git, javascript"
4247,Job Title 4247,"java, sql, python, docker, cloud computing"
4248,Job Title 4248,"css, javascript, azure, docker, aws, machine learning"
4249,Job Title 4249,"fastapi, aws, cloud computing, python, tensorflow, git"
4250,Job Title 4250,"c++, python, java, aws, data analysis, react"
4251,Job Title 4251,"fastapi, html, kubernetes, react"
4252,Job Title 4252,"cloud computing, azure, data analysis, react, machine learning"
4253,Job Title 4253,"html, sql, aws, react, git"
4254,Job Title 4254,"machine learning, tensorflow, kubernetes"
4255,Job Title 4255,"git, javascript, kubernetes, aws"
4256,Job Title 4256,"css, cloud computing, html, kubernetes, react, docker, pytorch, c++"
4257,Job Title 4257,"docker, kubernetes, azure, aws, pytorch, javascript, java"
4258,Job Title 4258,"pytorch, react, docker, machine learning, tensorflow, fastapi, aws"
4259,Job Title 4259,"react, c++, cloud computing, linux, sql"
4260,Job Title 4260,"azure, java, tensorflow, python, linux, git, react"
4261,Job Title 4261,"tensorflow, aws, kubernetes, docker, azure, css, c++, pytorch"
4262,Job Title 4262,"tensorflow, git, cloud computing, c++"
4263,Job Title 4263,"react, pytorch, c++, git"
4264,Job Title 4264,"azure, react, python, git, tensorflow, linux"
4265,Job Title 4265,"linux, java, data analysis, cloud computing"
4266,Job Title 4266,"css, linux, html, kubernetes, react"
4267,Job Title 4267,"css, fastapi, cloud computing, java, python"
4268,Job Title 4268,"aws, azure, javascript"
4269,Job Title 4269,"html, python, git, css, docker"
4270,Job Title 4270,"java, cloud computing, pytorch, kubernetes, c++, aws, sql, javascript"
4271,Job Title 4271,"linux, pytorch, docker, python"
4272,Job Title 4272,"cloud computing, c++, pytorch"
4273,Job Title 4273,"docker, css, tensorflow"
4274,Job Title 4274,"aws, pytorch, cloud computing, css, git, javascript, data analysis, html"
4275,Job Title 4275,"html, java, react, python, cloud computing, aws, data analysis, javascript"
4276,Job Title 4276,"machine learning, tensorflow, sql, c++, java, react, aws, data analysis"
4277,Job Title 4277,"linux, machine learning, azure, c++"
4278,Job Title 4278,"cloud computing, pytorch, react"
4279,Job Title 4279,"python, javascript, html, sql, docker, data analysis"
4280,Job Title 4280,"html, sql, cloud computing, java, git, aws, python, kubernetes"
4281,Job Title 4281,"c++, sql, pytorch, docker"
4282,Job Title 4282,"linux, fastapi, docker, azure, react, python, cloud computing"
4283,Job Title 4283,"azure, tensorflow, data analysis, css, python"
4284,Job Title 4284,"data analysis, git, sql, javascript"
4285,Job Title 4285,"aws, cloud computing, git, docker, machine learning, data analysis, python, css"
4286,Job Title 4286,"aws, html, docker, kubernetes, javascript"
4287,Job Title 4287,"git, java, pytorch, fastapi"
4288,Job Title 4288,"docker, pytorch, c++, data analysis"
4289,Job Title 4289,"aws, pytorch, java, linux"
4290,Job Title 4290,"javascript, data analysis, fastapi, linux, tensorflow, docker, c++"
4291,Job Title 4291,"tensorflow, machine learning, react, java, css, fastapi, docker"
4292,Job Title 4292,"css, docker, python, c++, linux, cloud computing, fastapi"
4293,Job Title 4293,"css, docker, javascript, pytorch, cloud computing, machine learning, linux"
4294,Job Title 4294,"aws, data analysis, python, java, machine learning, cloud computing"
4295,Job Title 4295,"kubernetes, aws, fastapi, java, data analysis, cloud computing"
4296,Job Title 4296,"cloud computing, html, react, css"
4297,Job Title 4297,"azure, pytorch, sql, cloud computing, tensorflow, machine learning, java"
4298,Job Title 4298,"aws, css, azure, docker, react"
4299,Job Title 4299,"git, linux, tensorflow, machine learning, kubernetes, react, javascript, pytorch"
4300,Job Title 4300,"sql, javascript, git, cloud computing, pytorch, html"
4301,Job Title 4301,"machine learning, python, aws, c++, data analysis"
4302,Job Title 4302,"git, html, azure, python, machine learning"
4303,Job Title 4303,"javascript, data analysis, fastapi"
4304,Job Title 4304,"git, fastapi, kubernetes, python, cloud computing"
4305,Job Title 4305,"git, javascript, sql, cloud computing, tensorflow, css, docker"
4306,Job Title 4306,"azure, pytorch, linux, javascript, cloud computing, tensorflow"
4307,Job Title 4307,"cloud computing, react, kubernetes, css, java, aws"
4308,Job Title 4308,"python, java, data analysis, fastapi, javascript, react, c++, docker"
4309,Job Title 4309,"docker, sql, c++, machine learning, react, data analysis, azure, html"
4310,Job Title 4310,"fastapi, html, linux, docker, tensorflow, python, aws, git"
4311,Job Title 4311,"kubernetes, data analysis, html, css"
4312,Job Title 4312,"fastapi, c++, java, machine learning"
4313,Job Title 4313,"javascript, azure, kubernetes, linux"
4314,Job Title 4314,"sql, data analysis, docker, machine learning"
4315,Job Title 4315,"machine learning, javascript, java, docker, git, html"
4316,Job Title 4316,"html, machine learning, c++, pytorch, azure, css, javascript"
4317,Job Title 4317,"machine learning, data analysis, tensorflow, javascript, cloud computing, docker, css"
4318,Job Title 4318,"css, azure, pytorch, react"
4319,Job Title 4319,"linux, kubernetes, pytorch, cloud computing, c++"
4320,Job Title 4320,"pytorch, react, kubernetes, java"
4321,Job Title 4321,"react, html, css, linux, azure, data analysis"
4322,Job Title 4322,"sql, python, tensorflow, data analysis, c++, react, cloud computing"
4323,Job Title 4323,"azure, cloud computing, javascript, css, machine learning, data analysis"
4324,Job Title 4324,"javascript, git, data analysis, tensorflow, kubernetes"
4325,Job Title 4325,"machine learning, c++, pytorch, kubernetes"
4326,Job Title 4326,"linux, tensorflow, c++, kubernetes, cloud computing, javascript"
4327,Job Title 4327,"aws, fastapi, sql, python, git"
4328,Job Title 4328,"python, fastapi, html, css"
4329,Job Title 4329,"sql, tensorflow, html, docker"
4330,Job Title 4330,"html, css, azure, java, cloud computing, tensorflow"
4331,Job Title 4331,"tensorflow, c++, git, machine learning"
4332,Job Title 4332,"java, azure, html, git, react"
4333,Job Title 4333,"react, sql, linux, git"
4334,Job Title 4334,"sql, aws, linux, c++, machine learning"
4335,Job Title 4335,"linux, cloud computing, react, java, machine learning, pytorch, python"
4336,Job Title 4336,"javascript, c++, data analysis, sql, linux, html, react"
4337,Job Title 4337,"kubernetes, javascript, data analysis, react, pytorch"
4338,Job Title 4338,"python, java, aws"
4339,Job Title 4339,"kubernetes, sql, git, html, java"
4340,Job Title 4340,"java, docker, css, tensorflow, c++, linux, javascript"
4341,Job Title 4341,"machine learning, tensorflow, c++, pytorch, sql, aws, linux"
4342,Job Title 4342,"html, data analysis, azure, pytorch, aws, c++"
4343,Job Title 4343,"machine learning, javascript, html, linux"
4344,Job Title 4344,"docker, react, fastapi, machine learning, java, git"
4345,Job Title 4345,"linux, git, cloud computing, data analysis"
4346,Job Title 4346,"css, python, java, html, tensorflow, react, data analysis, c++"
4347,Job Title 4347,"sql, aws, data analysis, machine learning, react, git, c++, html"
4348,Job Title 4348,"html, css, kubernetes"
4349,Job Title 4349,"css, cloud computing, java"
4350,Job Title 4350,"java, javascript, data analysis, react, tensorflow, git, sql, machine learning"
4351,Job Title 4351,"kubernetes, cloud computing, python"
4352,Job Title 4352,"c++, aws, linux, git"
4353,Job Title 4353,"javascript, css, java, kubernetes, tensorflow"
4354,Job Title 4354,"sql, docker, python, kubernetes"
4355,Job Title 4355,"azure, sql, html, javascript, aws, tensorflow"
4356,Job Title 4356,"tensorflow, azure, fastapi, java, javascript"
4357,Job Title 4357,"git, linux, javascript, pytorch"
4358,Job Title 4358,"html, css, java, c++, linux, sql, data analysis"
4359,Job Title 4359,"data analysis, docker, machine learning, c++"
4360,Job Title 4360,"kubernetes, docker, machine learning, css"
4361,Job Title 4361,"sql, javascript, pytorch"
4362,Job Title 4362,"azure, aws, fastapi, pytorch, cloud computing, html, python"
4363,Job Title 4363,"pytorch, css, java, fastapi, javascript"
4364,Job Title 4364,"fastapi, pytorch, sql, python, java, git, javascript"
4365,Job Title 4365,"c++, docker, python, css, cloud computing, sql, azure"
4366,Job Title 4366,"cloud computing, fastapi, kubernetes, css, machine learning, data analysis, react"
4367,Job Title 4367,"javascript, aws, kubernetes"
4368,Job Title 4368,"react, git, sql, fastapi"
4369,Job Title 4369,"python, docker, javascript, kubernetes, machine learning, tensorflow"
4370,Job Title 4370,"data analysis, linux, sql, git, tensorflow"
4371,Job Title 4371,"python, sql, aws, cloud computing"
4372,Job Title 4372,"fastapi, css, data analysis"
4373,Job Title 4373,"python, git, data analysis, machine learning"
4374,Job Title 4374,"python, react, linux, aws, docker"
4375,Job Title 4375,"aws, git, tensorflow, react, java, fastapi, linux"
4376,Job Title 4376,"azure, data analysis, kubernetes, git"
4377,Job Title 4377,"react, linux, css, c++"
4378,Job Title 4378,"react, git, html"
4379,Job Title 4379,"python, react, fastapi, sql, tensorflow, css, kubernetes, javascript"
4380,Job Title 4380,"c++, cloud computing, tensorflow, docker"
4381,Job Title 4381,"python, data analysis, tensorflow"
4382,Job Title 4382,"azure, machine learning, css, javascript, git"
4383,Job Title 4383,"cloud computing, fastapi, sql, docker"
4384,Job Title 4384,"react, pytorch, fastapi, aws"
4385,Job Title 4385,"docker, fastapi, data analysis, machine learning, git, aws, python"
4386,Job Title 4386,"cloud computing, c++, sql"
4387,Job Title 4387,"fastapi, git, pytorch, linux, sql"
4388,Job Title 4388,"aws, python, cloud computing, java, linux, machine learning, azure"
4389,Job Title 4389,"cloud computing, html, docker, c++, fastapi"
4390,Job Title 4390,"aws, docker, kubernetes, sql"
4391,Job Title 4391,"pytorch, css, azure, html"
4392,Job Title 4392,"java, python, html, tensorflow, kubernetes, javascript, css, pytorch"
4393,Job Title 4393,"css, react, machine learning, tensorflow, kubernetes, fastapi"
4394,Job Title 4394,"html, javascript, java, machine learning"
4395,Job Title 4395,"docker, cloud computing, git"
4396,Job Title 4396,"java, sql, fastapi"
4397,Job Title 4397,"aws, machine learning, data analysis, azure"
4398,Job Title 4398,"aws, c++, fastapi"
4399,Job Title 4399,"java, tensorflow, c++, fastapi"
4400,Job Title 4400,"aws, git, c++, javascript, fastapi, cloud computing"
4401,Job Title 4401,"aws, docker, c++, machine learning"
4402,Job Title 4402,"docker, azure, css, linux, fastapi, machine learning"
4403,Job Title 4403,"git, pytorch, docker, html, machine learning, c++"
4404,Job Title 4404,"azure, java, react, css, git"
4405,Job Title 4405,"azure, fastapi, pytorch, css, java, react"
4406,Job Title 4406,"react, python, linux, javascript, html, tensorflow"
4407,Job Title 4407,"python, java, javascript, aws, tensorflow"
4408,Job Title 4408,"kubernetes, machine learning, fastapi, git, css, javascript, c++"
4409,Job Title 4409,"react, docker, css, html, git, aws"
4410,Job Title 4410,"data analysis, git, aws, machine learning, tensorflow, python, azure"
4411,Job Title 4411,"git, aws, azure, machine learning"
4412,Job Title 4412,"fastapi, java, html, tensorflow"
4413,Job Title 4413,"css, kubernetes, pytorch"
4414,Job Title 4414,"python, aws, azure, linux"
4415,Job Title 4415,"sql, tensorflow, linux, javascript, fastapi, docker"
4416,Job Title 4416,"aws, c++, linux, html, javascript"
4417,Job Title 4417,"react, azure, java, tensorflow, css, aws, cloud computing, linux"
4418,Job Title 4418,"python, css, react, sql, azure"
4419,Job Title 4419,"kubernetes, sql, linux, git, fastapi, data analysis, docker, machine learning"
4420,Job Title 4420,"machine learning, c++, tensorflow"
4421,Job Title 4421,"git, react, tensorflow, cloud computing"
4422,Job Title 4422,"git, machine learning, javascript, kubernetes, tensorflow, react, java, data analysis"
4423,Job Title 4423,"kubernetes, html, linux, react, tensorflow, sql, fastapi"
4424,Job Title 4424,"java, cloud computing, pytorch, react, docker, tensorflow, javascript"
4425,Job Title 4425,"azure, data analysis, c++, sql, linux"
4426,Job Title 4426,"fastapi, kubernetes, azure, data analysis, javascript"
4427,Job Title 4427,"react, linux, tensorflow"
4428,Job Title 4428,"fastapi, machine learning, sql, c++, javascript, azure, cloud computing, java"
4429,Job Title 4429,"data analysis, tensorflow, python, fastapi, cloud computing, docker, javascript"
4430,Job Title 4430,"java, sql, kubernetes, docker, aws, javascript, pytorch, html"
4431,Job Title 4431,"azure, pytorch, css, aws, fastapi, react, cloud computing, docker"
4432,Job Title 4432,"cloud computing, fastapi, javascript, python, machine learning, react, html"
4433,Job Title 4433,"react, css, azure, data analysis, sql, cloud computing, aws, java"
4434,Job Title 4434,"sql, machine learning, c++, css, html, pytorch, python"
4435,Job Title 4435,"java, cloud computing, git, sql, css, pytorch"
4436,Job Title 4436,"react, docker, fastapi, javascript, git"
4437,Job Title 4437,"data analysis, kubernetes, machine learning, docker"
4438,Job Title 4438,"kubernetes, c++, css, cloud computing, sql, git, html, docker"
4439,Job Title 4439,"data analysis, python, css"
4440,Job Title 4440,"machine learning, data analysis, kubernetes, python, javascript, fastapi"
4441,Job Title 4441,"sql, html, machine learning, git, kubernetes, azure, cloud computing, react"
4442,Job Title 4442,"c++, aws, fastapi"
4443,Job Title 4443,"tensorflow, linux, git, css, aws, java, c++"
4444,Job Title 4444,"linux, react, machine learning, html, java, azure"
4445,Job Title 4445,"git, c++, react, sql, linux, css, pytorch"
4446,Job Title 4446,"fastapi, azure, aws, docker, c++, css, git"
4447,Job Title 4447,"data analysis, git, machine learning, pytorch, java, kubernetes, linux, docker"
4448,Job Title 4448,"c++, data analysis, pytorch, java, linux"
4449,Job Title 4449,"linux, tensorflow, javascript, react, azure, kubernetes, sql, fastapi"
4450,Job Title 4450,"azure, docker, fastapi"
4451,Job Title 4451,"git, fastapi, machine learning, react, azure, javascript, html, css"
4452,Job Title 4452,"c++, sql, kubernetes, java, azure, aws"
4453,Job Title 4453,"sql, git, fastapi, linux, javascript, cloud computing"
4454,Job Title 4454,"kubernetes, python, fastapi, tensorflow"
4455,Job Title 4455,"linux, css, data analysis, git, react, python"
4456,Job Title 4456,"html, docker, kubernetes, pytorch"
4457,Job Title 4457,"pytorch, kubernetes, react"
4458,Job Title 4458,"machine learning, git, css, python, pytorch, sql, data analysis"
4459,Job Title 4459,"c++, cloud computing, tensorflow, data analysis, kubernetes"
4460,Job Title 4460,"tensorflow, html, azure, javascript, data analysis, react, cloud computing, aws"
4461,Job Title 4461,"javascript, css, kubernetes"
4462,Job Title 4462,"aws, machine learning, python, c++"
4463,Job Title 4463,"react, azure, cloud computing"
4464,Job Title 4464,"kubernetes, cloud computing, docker, react"
4465,Job Title 4465,"html, data analysis, tensorflow, machine learning, c++, aws"
4466,Job Title 4466,"css, sql, aws"
4467,Job Title 4467,"git, machine learning, aws, html, cloud computing, sql, kubernetes"
4468,Job Title 4468,"css, python, azure, tensorflow, fastapi"
4469,Job Title 4469,"fastapi, java, python, css"
4470,Job Title 4470,"aws, html, java, cloud computing, javascript, sql, react, c++"
4471,Job Title 4471,"sql, css, linux, kubernetes, pytorch, data analysis, cloud computing"
4472,Job Title 4472,"data analysis, c++, machine learning, sql"
4473,Job Title 4473,"javascript, java, fastapi, machine learning, react"
4474,Job Title 4474,"kubernetes, tensorflow, java"
4475,Job Title 4475,"linux, sql, pytorch"
4476,Job Title 4476,"css, pytorch, sql, git, java, javascript, docker"
4477,Job Title 4477,"sql, azure, linux, git, html"
4478,Job Title 4478,"azure, cloud computing, tensorflow, javascript, html, kubernetes, java, react"
4479,Job Title 4479,"html, css, react"
4480,Job Title 4480,"java, fastapi, pytorch, css, sql, c++, react, tensorflow"
4481,Job Title 4481,"data analysis, html, aws, fastapi"
4482,Job Title 4482,"html, sql, kubernetes"
4483,Job Title 4483,"cloud computing, azure, python, fastapi, tensorflow"
4484,Job Title 4484,"java, kubernetes, machine learning, css, azure, aws, html"
4485,Job Title 4485,"linux, docker, git"
4486,Job Title 4486,"linux, c++, python, fastapi"
4487,Job Title 4487,"machine learning, kubernetes, html, tensorflow"
4488,Job Title 4488,"fastapi, data analysis, azure, git, c++, css"
4489,Job Title 4489,"sql, react, c++"
4490,Job Title 4490,"css, sql, pytorch, python, tensorflow, java"
4491,Job Title 4491,"machine learning, fastapi, azure, css, java, linux, data analysis, cloud computing"
4492,Job Title 4492,"javascript, machine learning, python"
4493,Job Title 4493,"javascript, tensorflow, java, pytorch, git"
4494,Job Title 4494,"pytorch, fastapi, sql, html"
4495,Job Title 4495,"python, machine learning, pytorch, html, java, cloud computing"
4496,Job Title 4496,"data analysis, aws, kubernetes"
4497,Job Title 4497,"cloud computing, css, docker, javascript, react, machine learning"
4498,Job Title 4498,"docker, azure, kubernetes, tensorflow, cloud computing, git"
4499,Job Title 4499,"machine learning, css, python, fastapi, git, linux, azure, kubernetes"
4500,Job Title 4500,"javascript, aws, fastapi, python, sql, data analysis, tensorflow, react"
4501,Job Title 4501,"react, css, docker, java"
4502,Job Title 4502,"docker, tensorflow, css, machine learning, python, javascript, c++, kubernetes"
4503,Job Title 4503,"aws, sql, machine learning, tensorflow, react, linux, git, python"
4504,Job Title 4504,"machine learning, react, linux, css, cloud computing, git"
4505,Job Title 4505,"aws, c++, tensorflow, css, docker, kubernetes"
4506,Job Title 4506,"c++, cloud computing, java, git, html"
4507,Job Title 4507,"aws, javascript, data analysis, fastapi, kubernetes, machine learning, git"
4508,Job Title 4508,"aws, azure, machine learning, css, git, docker"
4509,Job Title 4509,"cloud computing, sql, python, data analysis"
4510,Job Title 4510,"data analysis, docker, python, css, cloud computing"
4511,Job Title 4511,"python, c++, linux, tensorflow, aws, azure"
4512,Job Title 4512,"java, docker, python, tensorflow, linux"
4513,Job Title 4513,"tensorflow, aws, javascript, kubernetes, css, python, machine learning"
4514,Job Title 4514,"react, data analysis, java, javascript, linux, c++"
4515,Job Title 4515,"c++, azure, react, sql, aws"
4516,Job Title 4516,"linux, azure, docker, kubernetes, fastapi, pytorch, sql"
4517,Job Title 4517,"pytorch, kubernetes, css, tensorflow, html, git, java"
4518,Job Title 4518,"react, machine learning, aws, fastapi, kubernetes, azure, html, linux"
4519,Job Title 4519,"fastapi, linux, cloud computing, java"
4520,Job Title 4520,"c++, sql, cloud computing, git, react, aws, linux, kubernetes"
4521,Job Title 4521,"docker, tensorflow, pytorch, html"
4522,Job Title 4522,"fastapi, sql, pytorch, aws, tensorflow"
4523,Job Title 4523,"react, html, data analysis, c++, linux"
4524,Job Title 4524,"react, html, kubernetes, aws"
4525,Job Title 4525,"fastapi, azure, javascript, tensorflow, linux, react, aws, docker"
4526,Job Title 4526,"tensorflow, kubernetes, git, data analysis, javascript, sql"
4527,Job Title 4527,"react, git, fastapi"
4528,Job Title 4528,"html, data analysis, machine learning, sql, cloud computing, javascript, c++"
4529,Job Title 4529,"docker, css, tensorflow, react, azure, data analysis"
4530,Job Title 4530,"c++, kubernetes, python, docker"
4531,Job Title 4531,"fastapi, react, javascript, java, html, sql, docker"
4532,Job Title 4532,"java, kubernetes, machine learning, aws, sql, git"
4533,Job Title 4533,"fastapi, sql, docker, machine learning"
4534,Job Title 4534,"git, cloud computing, machine learning"
4535,Job Title 4535,"css, fastapi, html, python, machine learning"
4536,Job Title 4536,"data analysis, c++, html, cloud computing, docker, aws, css, git"
4537,Job Title 4537,"cloud computing, git, css, sql, python, data analysis"
4538,Job Title 4538,"cloud computing, fastapi, data analysis, machine learning, azure, docker"
4539,Job Title 4539,"kubernetes, css, linux, c++, docker, azure, java, cloud computing"
4540,Job Title 4540,"html, fastapi, react, javascript, sql, git, tensorflow"
4541,Job Title 4541,"sql, data analysis, cloud computing, docker, aws, azure, machine learning"
4542,Job Title 4542,"java, aws, pytorch"
4543,Job Title 4543,"kubernetes, azure, cloud computing, java, docker, machine learning, sql"
4544,Job Title 4544,"linux, pytorch, git, docker, fastapi"
4545,Job Title 4545,"pytorch, javascript, azure, sql"
4546,Job Title 4546,"git, sql, kubernetes, linux, css, azure, tensorflow"
4547,Job Title 4547,"css, tensorflow, kubernetes, sql, c++, git, aws, fastapi"
4548,Job Title 4548,"sql, fastapi, linux, c++, cloud computing, react, data analysis"
4549,Job Title 4549,"react, css, aws"
4550,Job Title 4550,"react, python, css, git, java, javascript, machine learning, fastapi"
4551,Job Title 4551,"c++, html, data analysis, tensorflow, pytorch, javascript, aws, java"
4552,Job Title 4552,"python, java, data analysis, sql, kubernetes"
4553,Job Title 4553,"machine learning, linux, java, data analysis, tensorflow, javascript, sql"
4554,Job Title 4554,"cloud computing, kubernetes, data analysis, pytorch, python"
4555,Job Title 4555,"css, fastapi, sql, kubernetes, azure, pytorch"
4556,Job Title 4556,"css, java, data analysis, react, cloud computing"
4557,Job Title 4557,"javascript, azure, git, data analysis, fastapi, docker, machine learning, tensorflow"
4558,Job Title 4558,"pytorch, java, fastapi, python"
4559,Job Title 4559,"react, javascript, tensorflow, azure, machine learning, pytorch, css, java"
4560,Job Title 4560,"linux, tensorflow, aws, react, cloud computing, kubernetes, machine learning, html"
4561,Job Title 4561,"git, docker, kubernetes"
4562,Job Title 4562,"git, python, tensorflow, html, kubernetes"
4563,Job Title 4563,"azure, html, c++, cloud computing, git, python"
4564,Job Title 4564,"javascript, data analysis, machine learning, aws, docker"
4565,Job Title 4565,"pytorch, linux, html, kubernetes, tensorflow, docker, react, sql"
4566,Job Title 4566,"python, git, aws, javascript"
4567,Job Title 4567,"data analysis, kubernetes, python, aws, docker, pytorch"
4568,Job Title 4568,"sql, c++, css, fastapi, tensorflow, git, java, machine learning"
4569,Job Title 4569,"tensorflow, docker, python, javascript, machine learning, css"
4570,Job Title 4570,"azure, javascript, cloud computing, git, aws"
4571,Job Title 4571,"azure, html, aws, python, docker, css, data analysis, machine learning"
4572,Job Title 4572,"git, pytorch, html"
4573,Job Title 4573,"data analysis, cloud computing, html"
4574,Job Title 4574,"machine learning, aws, tensorflow, css, git, linux, docker"
4575,Job Title 4575,"fastapi, docker, react, sql, kubernetes, cloud computing, git, javascript"
4576,Job Title 4576,"java, javascript, data analysis, pytorch"
4577,Job Title 4577,"linux, tensorflow, docker, react, cloud computing, javascript"
4578,Job Title 4578,"kubernetes, azure, pytorch, css, tensorflow, javascript, html, sql"
4579,Job Title 4579,"kubernetes, data analysis, html, docker, machine learning, linux, tensorflow"
4580,Job Title 4580,"html, cloud computing, machine learning, react, css, fastapi, sql"
4581,Job Title 4581,"java, react, data analysis, python, c++, linux"
4582,Job Title 4582,"javascript, sql, c++, java, docker"
4583,Job Title 4583,"cloud computing, data analysis, react, tensorflow, git, sql"
4584,Job Title 4584,"java, javascript, tensorflow, css, fastapi"
4585,Job Title 4585,"docker, html, fastapi, python"
4586,Job Title 4586,"machine learning, python, data analysis"
4587,Job Title 4587,"fastapi, cloud computing, sql, data analysis, java"
4588,Job Title 4588,"azure, react, java, c++, aws, kubernetes, css, docker"
4589,Job Title 4589,"html, machine learning, cloud computing, fastapi, linux"
4590,Job Title 4590,"fastapi, python, html, sql, cloud computing, react, git"
4591,Job Title 4591,"python, c++, sql"
4592,Job Title 4592,"c++, azure, kubernetes, fastapi, java, python, javascript"
4593,Job Title 4593,"java, fastapi, react, kubernetes, sql"
4594,Job Title 4594,"docker, c++, aws"
4595,Job Title 4595,"linux, python, git, javascript, docker"
4596,Job Title 4596,"fastapi, docker, linux, react, cloud computing, data analysis"
4597,Job Title 4597,"kubernetes, c++, python, tensorflow"
4598,Job Title 4598,"data analysis, kubernetes, docker, pytorch, html"
4599,Job Title 4599,"pytorch, css, react, linux, c++, sql, azure"
4600,Job Title 4600,"cloud computing, pytorch, html, docker, javascript, kubernetes"
4601,Job Title 4601,"pytorch, javascript, css, python, java, tensorflow"
4602,Job Title 4602,"git, kubernetes, docker, css, sql"
4603,Job Title 4603,"python, cloud computing, azure"
4604,Job Title 4604,"data analysis, pytorch, sql, css, tensorflow, fastapi, c++, python"
4605,Job Title 4605,"kubernetes, data analysis, python, pytorch, cloud computing"
4606,Job Title 4606,"pytorch, git, linux, data analysis, c++, fastapi"
4607,Job Title 4607,"data analysis, javascript, fastapi"
4608,Job Title 4608,"css, git, cloud computing, python, linux, kubernetes"
4609,Job Title 4609,"azure, html, css"
4610,Job Title 4610,"sql, c++, azure, pytorch"
4611,Job Title 4611,"data analysis, docker, machine learning, fastapi, javascript, tensorflow"
4612,Job Title 4612,"aws, python, sql"
4613,Job Title 4613,"react, sql, python, linux, fastapi, pytorch, java, tensorflow"
4614,Job Title 4614,"html, data analysis, pytorch, sql"
4615,Job Title 4615,"pytorch, linux, java, python, javascript, git, machine learning"
4616,Job Title 4616,"kubernetes, linux, html, data analysis, react"
4617,Job Title 4617,"aws, cloud computing, docker, azure, html, css"
4618,Job Title 4618,"linux, aws, pytorch, git, cloud computing, machine learning, python, react"
4619,Job Title 4619,"css, java, git, fastapi, aws, kubernetes, cloud computing"
4620,Job Title 4620,"git, sql, aws, javascript"
4621,Job Title 4621,"git, pytorch, azure, react, machine learning, python, kubernetes"
4622,Job Title 4622,"fastapi, cloud computing, java, html, javascript, machine learning"
4623,Job Title 4623,"pytorch, aws, sql"
4624,Job Title 4624,"css, data analysis, cloud computing, linux, azure, sql, docker, python"
4625,Job Title 4625,"tensorflow, c++, aws, machine learning, data analysis, sql"
4626,Job Title 4626,"git, java, c++"
4627,Job Title 4627,"machine learning, pytorch, tensorflow, azure, html, aws, docker"
4628,Job Title 4628,"css, tensorflow, linux, sql, aws, cloud computing"
4629,Job Title 4629,"kubernetes, sql, data analysis"
4630,Job Title 4630,"html, machine learning, java, kubernetes"
4631,Job Title 4631,"tensorflow, fastapi, java, pytorch, data analysis, aws"
4632,Job Title 4632,"css, docker, cloud computing"
4633,Job Title 4633,"machine learning, data analysis, docker"
4634,Job Title 4634,"kubernetes, docker, linux, sql, data analysis, java, aws"
4635,Job Title 4635,"cloud computing, html, kubernetes, python, react, c++, tensorflow"
4636,Job Title 4636,"aws, python, c++, html, cloud computing, azure, linux, kubernetes"
4637,Job Title 4637,"react, fastapi, docker, html"
4638,Job Title 4638,"pytorch, aws, tensorflow, data analysis, git"
4639,Job Title 4639,"data analysis, javascript, tensorflow, kubernetes"
4640,Job Title 4640,"css, java, python"
4641,Job Title 4641,"docker, machine learning, azure, tensorflow, html, cloud computing, react, kubernetes"
4642,Job Title 4642,"css, azure, cloud computing"
4643,Job Title 4643,"aws, react, data analysis"
4644,Job Title 4644,"docker, tensorflow, html, machine learning"
4645,Job Title 4645,"data analysis, git, html, css, pytorch"
4646,Job Title 4646,"java, html, cloud computing, python, git, linux"
4647,Job Title 4647,"python, cloud computing, azure, docker, javascript, data analysis"
4648,Job Title 4648,"c++, react, java, pytorch, cloud computing, kubernetes, aws"
4649,Job Title 4649,"javascript, kubernetes, css, c++, pytorch"
4650,Job Title 4650,"git, cloud computing, data analysis, java"
4651,Job Title 4651,"cloud computing, javascript, react, git"
4652,Job Title 4652,"css, html, cloud computing, pytorch, docker, javascript"
4653,Job Title 4653,"machine learning, kubernetes, tensorflow, c++, javascript, java, sql"
4654,Job Title 4654,"cloud computing, kubernetes, linux, azure"
4655,Job Title 4655,"data analysis, machine learning, c++"
4656,Job Title 4656,"java, c++, docker, aws, python, cloud computing"
4657,Job Title 4657,"data analysis, python, aws"
4658,Job Title 4658,"docker, git, linux, cloud computing, react, aws, tensorflow"
4659,Job Title 4659,"tensorflow, html, css, git"
4660,Job Title 4660,"fastapi, c++, git, css"
4661,Job Title 4661,"tensorflow, html, aws, fastapi, data analysis, javascript, pytorch"
4662,Job Title 4662,"javascript, machine learning, pytorch, aws"
4663,Job Title 4663,"aws, data analysis, sql"
4664,Job Title 4664,"kubernetes, python, css, machine learning, tensorflow, react, data analysis, azure"
4665,Job Title 4665,"react, java, fastapi"
4666,Job Title 4666,"cloud computing, react, css, c++, javascript"
4667,Job Title 4667,"docker, java, python, tensorflow, javascript, kubernetes"
4668,Job Title 4668,"tensorflow, azure, data analysis, linux, docker"
4669,Job Title 4669,"java, cloud computing, react, kubernetes"
4670,Job Title 4670,"css, fastapi, azure"
4671,Job Title 4671,"python, javascript, sql, linux, machine learning, c++"
4672,Job Title 4672,"html, azure, react, data analysis, fastapi, javascript, sql, aws"
4673,Job Title 4673,"c++, aws, tensorflow"
4674,Job Title 4674,"linux, data analysis, tensorflow, docker, react, pytorch, kubernetes, javascript"
4675,Job Title 4675,"react, python, pytorch, kubernetes, css"
4676,Job Title 4676,"css, java, tensorflow, git, pytorch"
4677,Job Title 4677,"pytorch, fastapi, cloud computing, machine learning"
4678,Job Title 4678,"cloud computing, data analysis, pytorch, kubernetes, fastapi"
4679,Job Title 4679,"tensorflow, data analysis, javascript, aws, machine learning, cloud computing"
4680,Job Title 4680,"pytorch, git, aws, fastapi, sql"
4681,Job Title 4681,"docker, react, linux, html"
4682,Job Title 4682,"git, sql, javascript, azure, data analysis, machine learning"
4683,Job Title 4683,"azure, data analysis, fastapi, css"
4684,Job Title 4684,"linux, machine learning, kubernetes"
4685,Job Title 4685,"data analysis, react, pytorch, python, kubernetes"
4686,Job Title 4686,"git, sql, tensorflow, kubernetes, azure, javascript"
4687,Job Title 4687,"machine learning, tensorflow, azure, fastapi, cloud computing"
4688,Job Title 4688,"azure, docker, data analysis, javascript"
4689,Job Title 4689,"fastapi, kubernetes, pytorch, machine learning, javascript"
4690,Job Title 4690,"kubernetes, react, java, python"
4691,Job Title 4691,"azure, tensorflow, data analysis, html"
4692,Job Title 4692,"linux, cloud computing, java, react, html, kubernetes"
4693,Job Title 4693,"fastapi, react, kubernetes, linux, java, aws, data analysis, machine learning"
4694,Job Title 4694,"java, linux, tensorflow, pytorch, kubernetes"
4695,Job Title 4695,"azure, sql, react"
4696,Job Title 4696,"c++, sql, pytorch, react"
4697,Job Title 4697,"java, aws, data analysis, linux"
4698,Job Title 4698,"fastapi, git, data analysis, java"
4699,Job Title 4699,"fastapi, css, data analysis, javascript, kubernetes"
4700,Job Title 4700,"css, react, linux, docker, tensorflow, c++"
4701,Job Title 4701,"kubernetes, javascript, docker, azure, machine learning, html, linux, git"
4702,Job Title 4702,"javascript, linux, azure"
4703,Job Title 4703,"machine learning, git, sql, javascript, aws, react, c++, java"
4704,Job Title 4704,"docker, c++, react, machine learning, pytorch, aws, html"
4705,Job Title 4705,"aws, machine learning, react"
4706,Job Title 4706,"fastapi, cloud computing, machine learning, data analysis"
4707,Job Title 4707,"docker, react, linux"
4708,Job Title 4708,"aws, java, cloud computing, javascript, azure, kubernetes, tensorflow"
4709,Job Title 4709,"cloud computing, javascript, fastapi, c++, tensorflow, react, java"
4710,Job Title 4710,"css, react, javascript, c++, machine learning"
4711,Job Title 4711,"react, docker, fastapi"
4712,Job Title 4712,"machine learning, linux, tensorflow, sql, html, kubernetes"
4713,Job Title 4713,"react, git, tensorflow, cloud computing"
4714,Job Title 4714,"data analysis, c++, git, html, tensorflow, azure, aws"
4715,Job Title 4715,"css, linux, docker"
4716,Job Title 4716,"python, machine learning, c++"
4717,Job Title 4717,"sql, c++, python, javascript, docker"
4718,Job Title 4718,"html, linux, cloud computing, tensorflow, fastapi"
4719,Job Title 4719,"aws, linux, azure"
4720,Job Title 4720,"python, git, pytorch"
4721,Job Title 4721,"docker, kubernetes, aws, fastapi, c++, git"
4722,Job Title 4722,"c++, kubernetes, git, machine learning, cloud computing, css, data analysis, python"
4723,Job Title 4723,"css, machine learning, c++, linux"
4724,Job Title 4724,"css, react, java, python, tensorflow"
4725,Job Title 4725,"sql, tensorflow, fastapi, react, html"
4726,Job Title 4726,"docker, html, python, java, javascript, linux, kubernetes"
4727,Job Title 4727,"docker, kubernetes, python, html"
4728,Job Title 4728,"machine learning, css, linux, c++, html"
4729,Job Title 4729,"data analysis, docker, cloud computing"
4730,Job Title 4730,"tensorflow, sql, c++, data analysis, kubernetes, azure"
4731,Job Title 4731,"react, machine learning, c++, python, css"
4732,Job Title 4732,"javascript, fastapi, react"
4733,Job Title 4733,"java, machine learning, git, docker, linux, sql"
4734,Job Title 4734,"sql, aws, javascript, fastapi, cloud computing, azure"
4735,Job Title 4735,"css, docker, react, tensorflow, javascript, python, git, html"
4736,Job Title 4736,"data analysis, java, azure, linux, machine learning, tensorflow"
4737,Job Title 4737,"fastapi, sql, data analysis"
4738,Job Title 4738,"aws, sql, data analysis, azure, pytorch, kubernetes, docker"
4739,Job Title 4739,"html, sql, linux, tensorflow"
4740,Job Title 4740,"data analysis, html, javascript, fastapi, pytorch, react"
4741,Job Title 4741,"data analysis, azure, linux, react, cloud computing, javascript"
4742,Job Title 4742,"sql, linux, fastapi"
4743,Job Title 4743,"pytorch, javascript, react, kubernetes, java, docker, tensorflow, git"
4744,Job Title 4744,"data analysis, tensorflow, linux, css, fastapi, cloud computing, azure, git"
4745,Job Title 4745,"docker, react, sql, html"
4746,Job Title 4746,"docker, html, data analysis"
4747,Job Title 4747,"git, data analysis, linux, machine learning, tensorflow, aws"
4748,Job Title 4748,"css, linux, aws, python"
4749,Job Title 4749,"machine learning, kubernetes, fastapi, tensorflow, cloud computing"
4750,Job Title 4750,"azure, data analysis, sql, fastapi, machine learning, java"
4751,Job Title 4751,"kubernetes, machine learning, css, html"
4752,Job Title 4752,"cloud computing, fastapi, linux, sql, machine learning, kubernetes, css"
4753,Job Title 4753,"fastapi, html, tensorflow, cloud computing"
4754,Job Title 4754,"tensorflow, aws, c++, javascript"
4755,Job Title 4755,"tensorflow, react, docker, cloud computing"
4756,Job Title 4756,"javascript, azure, docker, cloud computing, sql, linux, pytorch, tensorflow"
4757,Job Title 4757,"linux, javascript, kubernetes, machine learning"
4758,Job Title 4758,"tensorflow, kubernetes, data analysis, machine learning"
4759,Job Title 4759,"git, html, tensorflow, cloud computing"
4760,Job Title 4760,"linux, git, cloud computing, aws, fastapi, react"
4761,Job Title 4761,"pytorch, linux, react, fastapi, azure"
4762,Job Title 4762,"html, java, tensorflow, kubernetes, git, pytorch"
4763,Job Title 4763,"pytorch, react, docker, aws, html"
4764,Job Title 4764,"c++, html, tensorflow, machine learning"
4765,Job Title 4765,"sql, docker, c++, javascript, java, git"
4766,Job Title 4766,"python, fastapi, kubernetes, html, java"
4767,Job Title 4767,"kubernetes, fastapi, data analysis, machine learning, git"
4768,Job Title 4768,"aws, data analysis, fastapi, azure, java, html, pytorch, linux"
4769,Job Title 4769,"java, css, cloud computing, kubernetes, sql, html, azure, javascript"
4770,Job Title 4770,"aws, machine learning, kubernetes, sql"
4771,Job Title 4771,"java, aws, fastapi, data analysis, react"
4772,Job Title 4772,"azure, fastapi, java, docker, tensorflow"
4773,Job Title 4773,"azure, tensorflow, data analysis"
4774,Job Title 4774,"linux, c++, sql, git, data analysis"
4775,Job Title 4775,"css, azure, linux, tensorflow, data analysis, sql, c++, git"
4776,Job Title 4776,"react, linux, cloud computing, pytorch, azure"
4777,Job Title 4777,"tensorflow, aws, pytorch, git, fastapi, java"
4778,Job Title 4778,"pytorch, docker, fastapi, sql, kubernetes"
4779,Job Title 4779,"docker, aws, react, javascript, linux, css, git, python"
4780,Job Title 4780,"data analysis, linux, docker, tensorflow, html, c++"
4781,Job Title 4781,"kubernetes, c++, python, html, fastapi, aws, git, cloud computing"
4782,Job Title 4782,"java, sql, git, python"
4783,Job Title 4783,"sql, linux, java, javascript"
4784,Job Title 4784,"aws, sql, azure"
4785,Job Title 4785,"git, docker, react, c++, linux, pytorch, fastapi, html"
4786,Job Title 4786,"fastapi, docker, c++"
4787,Job Title 4787,"docker, react, kubernetes, cloud computing, git, machine learning, pytorch"
4788,Job Title 4788,"java, pytorch, html, cloud computing"
4789,Job Title 4789,"css, tensorflow, c++, pytorch, html"
4790,Job Title 4790,"machine learning, git, react, sql, css, pytorch, python"
4791,Job Title 4791,"fastapi, azure, kubernetes, c++"
4792,Job Title 4792,"c++, linux, git"
4793,Job Title 4793,"react, cloud computing, azure, kubernetes, data analysis, machine learning, pytorch, c++"
4794,Job Title 4794,"cloud computing, aws, azure, c++"
4795,Job Title 4795,"javascript, sql, css, data analysis, docker, c++, azure, aws"
4796,Job Title 4796,"cloud computing, css, fastapi, java, pytorch, sql, machine learning"
4797,Job Title 4797,"pytorch, aws, javascript, java, cloud computing, azure"
4798,Job Title 4798,"pytorch, azure, data analysis, linux, python, html, git, c++"
4799,Job Title 4799,"python, java, cloud computing, tensorflow, machine learning, git, pytorch, react"
4800,Job Title 4800,"java, react, kubernetes, pytorch, c++, data analysis"
4801,Job Title 4801,"aws, git, sql, pytorch, kubernetes, html, azure"
4802,Job Title 4802,"react, aws, pytorch, css, data analysis, tensorflow, docker, java"
4803,Job Title 4803,"azure, linux, cloud computing, tensorflow, html, python, react, javascript"
4804,Job Title 4804,"cloud computing, data analysis, tensorflow, linux, sql"
4805,Job Title 4805,"java, azure, c++"
4806,Job Title 4806,"aws, kubernetes, docker, tensorflow, fastapi, c++, machine learning, git"
4807,Job Title 4807,"tensorflow, react, fastapi, machine learning, pytorch, python, javascript"
4808,Job Title 4808,"aws, c++, linux"
4809,Job Title 4809,"css, tensorflow, data analysis, html, python, linux, docker, react"
4810,Job Title 4810,"javascript, cloud computing, tensorflow, azure, fastapi"
4811,Job Title 4811,"react, pytorch, sql, docker, data analysis"
4812,Job Title 4812,"aws, git, java, react, c++"
4813,Job Title 4813,"css, fastapi, data analysis, machine learning, linux, pytorch, python"
4814,Job Title 4814,"linux, git, machine learning, kubernetes, sql, c++"
4815,Job Title 4815,"html, sql, javascript, css, aws, python, fastapi"
4816,Job Title 4816,"aws, sql, cloud computing, tensorflow, html, pytorch"
4817,Job Title 4817,"aws, docker, git"
4818,Job Title 4818,"docker, c++, react, machine learning, data analysis, linux"
4819,Job Title 4819,"git, aws, c++, fastapi, azure, machine learning, pytorch, kubernetes"
4820,Job Title 4820,"docker, kubernetes, react, azure"
4821,Job Title 4821,"docker, css, javascript, machine learning, linux, java"
4822,Job Title 4822,"docker, azure, tensorflow, cloud computing, linux"
4823,Job Title 4823,"python, fastapi, java, tensorflow"
4824,Job Title 4824,"data analysis, pytorch, python, react, git"
4825,Job Title 4825,"cloud computing, azure, css, aws, html, python, java"
4826,Job Title 4826,"git, machine learning, data analysis, aws, css"
4827,Job Title 4827,"c++, python, css"
4828,Job Title 4828,"java, c++, git, cloud computing, sql, html, css, data analysis"
4829,Job Title 4829,"linux, python, html, sql, fastapi, git"
4830,Job Title 4830,"docker, javascript, python"
4831,Job Title 4831,"data analysis, sql, python, c++"
4832,Job Title 4832,"machine learning, react, aws, git, python, javascript, sql"
4833,Job Title 4833,"tensorflow, kubernetes, machine learning, docker, html, fastapi, data analysis, python"
4834,Job Title 4834,"sql, pytorch, cloud computing, linux, tensorflow, python, git"
4835,Job Title 4835,"tensorflow, python, c++, git, javascript, java, cloud computing, kubernetes"
4836,Job Title 4836,"fastapi, cloud computing, machine learning, java, pytorch, docker, git"
4837,Job Title 4837,"aws, css, cloud computing, data analysis, tensorflow, java, docker"
4838,Job Title 4838,"data analysis, css, java, linux, machine learning, aws, kubernetes, html"
4839,Job Title 4839,"pytorch, react, css, linux, data analysis, machine learning, azure"
4840,Job Title 4840,"docker, linux, c++, pytorch, html, cloud computing, git, fastapi"
4841,Job Title 4841,"python, javascript, html"
4842,Job Title 4842,"react, html, css, data analysis, docker"
4843,Job Title 4843,"azure, cloud computing, css, tensorflow, python, kubernetes, java"
4844,Job Title 4844,"kubernetes, machine learning, fastapi, css, azure, html"
4845,Job Title 4845,"fastapi, aws, azure, sql, css"
4846,Job Title 4846,"react, pytorch, javascript, sql, python, java, git, docker"
4847,Job Title 4847,"sql, docker, python, linux"
4848,Job Title 4848,"css, azure, java, c++"
4849,Job Title 4849,"linux, html, javascript, fastapi, c++"
4850,Job Title 4850,"azure, tensorflow, kubernetes"
4851,Job Title 4851,"react, aws, sql, kubernetes"
4852,Job Title 4852,"react, git, pytorch, aws"
4853,Job Title 4853,"aws, tensorflow, html, machine learning, pytorch, c++"
4854,Job Title 4854,"data analysis, docker, azure"
4855,Job Title 4855,"machine learning, aws, tensorflow"
4856,Job Title 4856,"c++, docker, react, css"
4857,Job Title 4857,"javascript, html, fastapi, python, react, css, c++, cloud computing"
4858,Job Title 4858,"docker, c++, java, linux"
4859,Job Title 4859,"sql, tensorflow, java, git, react, docker"
4860,Job Title 4860,"javascript, python, c++"
4861,Job Title 4861,"react, python, aws, git, java"
4862,Job Title 4862,"css, kubernetes, javascript, pytorch, sql, linux, python, html"
4863,Job Title 4863,"git, java, data analysis"
4864,Job Title 4864,"fastapi, sql, git, linux, html, tensorflow"
4865,Job Title 4865,"html, javascript, fastapi, linux"
4866,Job Title 4866,"kubernetes, azure, css"
4867,Job Title 4867,"docker, java, azure, cloud computing, react, pytorch, aws"
4868,Job Title 4868,"pytorch, aws, javascript, python, kubernetes"
4869,Job Title 4869,"fastapi, cloud computing, data analysis"
4870,Job Title 4870,"css, docker, kubernetes"
4871,Job Title 4871,"linux, c++, react, tensorflow"
4872,Job Title 4872,"javascript, data analysis, pytorch, html, kubernetes, react"
4873,Job Title 4873,"css, react, aws, azure, javascript, sql, data analysis, c++"
4874,Job Title 4874,"java, data analysis, python, css, docker, aws"
4875,Job Title 4875,"css, java, linux, docker, git, machine learning, javascript, cloud computing"
4876,Job Title 4876,"html, azure, aws, css, cloud computing"
4877,Job Title 4877,"java, react, kubernetes"
4878,Job Title 4878,"kubernetes, css, tensorflow, aws, python, azure, javascript"
4879,Job Title 4879,"javascript, pytorch, git, aws, kubernetes, linux, data analysis"
4880,Job Title 4880,"linux, cloud computing, javascript, tensorflow, html, machine learning"
4881,Job Title 4881,"machine learning, java, aws"
4882,Job Title 4882,"sql, data analysis, html, c++, java, git, css, docker"
4883,Job Title 4883,"sql, machine learning, javascript, linux, pytorch, aws"
4884,Job Title 4884,"data analysis, machine learning, linux, html, aws, fastapi, python, git"
4885,Job Title 4885,"react, java, machine learning, python, azure, cloud computing, docker, git"
4886,Job Title 4886,"git, c++, fastapi, html, data analysis, python, tensorflow"
4887,Job Title 4887,"c++, css, kubernetes, html, linux, machine learning, python, java"
4888,Job Title 4888,"python, docker, sql"
4889,Job Title 4889,"tensorflow, css, react, linux, azure, kubernetes, data analysis, machine learning"
4890,Job Title 4890,"java, javascript, python"
4891,Job Title 4891,"css, kubernetes, data analysis, c++"
4892,Job Title 4892,"fastapi, machine learning, python, css, html"
4893,Job Title 4893,"html, aws, sql, java, docker, cloud computing"
4894,Job Title 4894,"sql, machine learning, fastapi, linux, azure, git, cloud computing, data analysis"
4895,Job Title 4895,"css, machine learning, cloud computing, docker, azure, javascript, sql, linux"
4896,Job Title 4896,"c++, sql, fastapi, machine learning, css, azure, java, git"
4897,Job Title 4897,"git, java, sql"
4898,Job Title 4898,"kubernetes, linux, c++"
4899,Job Title 4899,"html, react, machine learning"
4900,Job Title 4900,"tensorflow, html, data analysis, cloud computing, fastapi"
4901,Job Title 4901,"sql, react, tensorflow"
4902,Job Title 4902,"docker, pytorch, fastapi, git, html"
4903,Job Title 4903,"data analysis, git, tensorflow, fastapi"
4904,Job Title 4904,"aws, cloud computing, python, tensorflow, docker, git"
4905,Job Title 4905,"cloud computing, data analysis, html, git, aws, react, docker, css"
4906,Job Title 4906,"tensorflow, git, c++, cloud computing, react, azure, java, docker"
4907,Job Title 4907,"react, linux, html"
4908,Job Title 4908,"linux, pytorch, machine learning, javascript, c++, react, html"
4909,Job Title 4909,"python, html, javascript, git, tensorflow, react"
4910,Job Title 4910,"java, kubernetes, tensorflow, cloud computing"
4911,Job Title 4911,"azure, css, kubernetes, git"
4912,Job Title 4912,"javascript, data analysis, pytorch"
4913,Job Title 4913,"c++, css, react, javascript"
4914,Job Title 4914,"java, kubernetes, react, data analysis, tensorflow, sql, linux, azure"
4915,Job Title 4915,"java, data analysis, tensorflow, docker"
4916,Job Title 4916,"linux, machine learning, sql, data analysis, javascript, git, docker"
4917,Job Title 4917,"git, azure, css, docker, linux"
4918,Job Title 4918,"machine learning, tensorflow, git, java, docker, fastapi, sql"
4919,Job Title 4919,"aws, pytorch, fastapi"
4920,Job Title 4920,"pytorch, kubernetes, docker, javascript, machine learning"
4921,Job Title 4921,"java, git, c++, azure, kubernetes, react"
4922,Job Title 4922,"react, cloud computing, pytorch, javascript, data analysis, tensorflow, sql, html"
4923,Job Title 4923,"html, linux, machine learning, pytorch"
4924,Job Title 4924,"docker, tensorflow, react, linux, python, cloud computing, sql"
4925,Job Title 4925,"fastapi, css, git, machine learning"
4926,Job Title 4926,"azure, aws, javascript, docker"
4927,Job Title 4927,"linux, html, data analysis, docker"
4928,Job Title 4928,"data analysis, java, c++, javascript, tensorflow, python, cloud computing"
4929,Job Title 4929,"docker, azure, machine learning, fastapi, linux, c++, pytorch, python"
4930,Job Title 4930,"fastapi, machine learning, sql, javascript, linux, azure, python, cloud computing"
4931,Job Title 4931,"data analysis, aws, kubernetes, java"
4932,Job Title 4932,"kubernetes, data analysis, cloud computing"
4933,Job Title 4933,"tensorflow, kubernetes, aws, html, java, c++, linux, javascript"
4934,Job Title 4934,"tensorflow, git, aws, java, fastapi, c++, javascript, react"
4935,Job Title 4935,"machine learning, html, azure, docker"
4936,Job Title 4936,"tensorflow, linux, cloud computing, git, java"
4937,Job Title 4937,"machine learning, aws, css, javascript, tensorflow"
4938,Job Title 4938,"tensorflow, fastapi, machine learning, git, python"
4939,Job Title 4939,"javascript, cloud computing, machine learning, data analysis, python, git, html, css"
4940,Job Title 4940,"docker, data analysis, javascript"
4941,Job Title 4941,"azure, git, python, aws, c++, linux, docker, javascript"
4942,Job Title 4942,"python, machine learning, kubernetes, c++, linux, javascript, java"
4943,Job Title 4943,"azure, java, fastapi, linux, react, docker"
4944,Job Title 4944,"linux, docker, html, sql, java, machine learning"
4945,Job Title 4945,"docker, c++, git, kubernetes"
4946,Job Title 4946,"javascript, java, fastapi, c++, kubernetes, git"
4947,Job Title 4947,"git, react, fastapi, javascript, python, tensorflow, sql"
4948,Job Title 4948,"cloud computing, linux, react, data analysis, azure, git, html"
4949,Job Title 4949,"cloud computing, tensorflow, react"
4950,Job Title 4950,"javascript, pytorch, tensorflow, css, git, sql, cloud computing"
4951,Job Title 4951,"tensorflow, azure, cloud computing, c++, data analysis, javascript"
4952,Job Title 4952,"kubernetes, data analysis, git, sql, aws, linux, docker"
4953,Job Title 4953,"java, git, cloud computing, react, pytorch"
4954,Job Title 4954,"javascript, azure, docker, c++, html, linux"
4955,Job Title 4955,"tensorflow, git, pytorch, css, javascript"
4956,Job Title 4956,"azure, tensorflow, sql, html, fastapi, javascript, cloud computing"
4957,Job Title 4957,"cloud computing, machine learning, docker, pytorch, linux, kubernetes, azure, sql"
4958,Job Title 4958,"git, data analysis, c++, javascript"
4959,Job Title 4959,"git, data analysis, javascript, react, c++, machine learning"
4960,Job Title 4960,"fastapi, pytorch, azure, aws"
4961,Job Title 4961,"aws, azure, html, fastapi, data analysis, git, java"
4962,Job Title 4962,"git, pytorch, html, kubernetes, machine learning, fastapi, docker, linux"
4963,Job Title 4963,"pytorch, c++, fastapi, tensorflow, cloud computing, react, javascript"
4964,Job Title 4964,"tensorflow, machine learning, sql"
4965,Job Title 4965,"sql, tensorflow, fastapi, html, css"
4966,Job Title 4966,"aws, kubernetes, linux, fastapi"
4967,Job Title 4967,"azure, cloud computing, css, data analysis, javascript, react"
4968,Job Title 4968,"machine learning, data analysis, linux, html, azure, docker"
4969,Job Title 4969,"fastapi, pytorch, azure, css, aws, javascript"
4970,Job Title 4970,"html, css, sql, react"
4971,Job Title 4971,"sql, linux, react, data analysis, docker, pytorch, git"
4972,Job Title 4972,"kubernetes, javascript, linux"
4973,Job Title 4973,"docker, aws, java, pytorch, data analysis"
4974,Job Title 4974,"sql, react, cloud computing, git, linux, python, machine learning, kubernetes"
4975,Job Title 4975,"git, fastapi, docker"
4976,Job Title 4976,"sql, linux, html, java, javascript"
4977,Job Title 4977,"fastapi, linux, java, data analysis"
4978,Job Title 4978,"tensorflow, cloud computing, sql, html, react, git, javascript"
4979,Job Title 4979,"javascript, python, cloud computing"
4980,Job Title 4980,"aws, python, data analysis, html, react, machine learning, linux"
4981,Job Title 4981,"machine learning, java, fastapi, javascript, linux, react"
4982,Job Title 4982,"html, data analysis, sql, cloud computing"
4983,Job Title 4983,"pytorch, data analysis, sql, machine learning, javascript, react, fastapi"
4984,Job Title 4984,"c++, docker, java, aws"
4985,Job Title 4985,"html, cloud computing, aws, python, javascript, machine learning, pytorch, c++"
4986,Job Title 4986,"react, machine learning, git, data analysis"
4987,Job Title 4987,"javascript, git, fastapi, pytorch, docker"
4988,Job Title 4988,"git, azure, sql, machine learning, c++, docker"
4989,Job Title 4989,"sql, tensorflow, machine learning, javascript, html, data analysis"
4990,Job Title 4990,"azure, react, kubernetes, git, pytorch"
4991,Job Title 4991,"azure, c++, linux, machine learning, react, data analysis, python"
4992,Job Title 4992,"c++, sql, react, docker, java, data analysis, azure"
4993,Job Title 4993,"aws, pytorch, css"
4994,Job Title 4994,"html, kubernetes, sql, cloud computing, fastapi, java"
4995,Job Title 4995,"linux, javascript, css, java"
4996,Job Title 4996,"java, python, cloud computing, docker, azure, data analysis, c++, fastapi"
4997,Job Title 4997,"machine learning, docker, sql, kubernetes, aws, css, html"
4998,Job Title 4998,"cloud computing, git, azure, html, machine learning, pytorch, docker"
4999,Job Title 4999,"pytorch, html, azure, css, javascript, machine learning, sql, fastapi"
5000,Job Title 5000,"css, react, fastapi, python"
